Date,tave,wind_speed,rh,solar_rad
2018-01-01,25.800670786395838,3.7476095575505153,71.14151847883986,159.36544733116713
2018-01-02,27.571747965060514,1.6200789779175941,80.1485860466659,271.3809728890568
2018-01-03,27.67825454744895,1.9917107561212486,80.18681302947971,283.2194597883869
2018-01-04,25.307488584341325,4.049829918480833,67.63127788419136,131.71242336199143
2018-01-05,27.696476067207687,1.9211465731163686,80.16288985542282,283.46573773453787
2018-01-06,27.443073657032127,2.1925507884284055,79.29687825327187,262.2080325205079
2018-01-07,27.447173842568812,1.0698672690669062,81.5820323796919,194.16519488485724
2018-01-08,26.71655310293403,3.318557612387313,76.56073696349812,214.95156772721472
2018-01-09,27.71607195083347,1.9813387064867742,80.1520098042067,284.43109763778733
2018-01-10,25.26540505370877,4.1234040811600945,67.92843648381157,127.34759446395599
2018-01-11,27.462545084374394,1.3996392638466244,80.62172147101028,247.04798485500143
2018-01-12,27.371437740092535,1.441761394725952,81.10665426145454,237.68116044461226
2018-01-13,27.36874118728303,1.2099977555882517,81.6919393096244,207.05737550512754
2018-01-14,27.40014489262134,1.4130735139759842,80.96137679758674,239.7840265851054
2018-01-15,25.576447902700426,3.9975618505673784,69.94719357636494,146.20536630575876
2018-01-16,27.65467555372701,2.2385237607653385,79.75432974954053,279.8248312456743
2018-01-17,27.138327303390238,2.8087447473393063,78.43239108580113,239.42150686681873
2018-01-18,25.441823235407313,3.9699970727019327,67.5072288782346,141.80926064047995
2018-01-19,27.50598312695147,1.8264121432006692,80.54271627519964,268.883849267598
2018-01-20,27.636563983077636,1.7338862632242626,80.0727972587388,278.990057164844
2018-01-21,27.42403082760692,1.1389332118644568,81.52853948571145,205.20013127881936
2018-01-22,27.455879674131058,1.100398686878151,81.48059526855947,202.76772432427566
2018-01-23,27.50238992897463,1.7751396456917292,80.57848989686867,267.01940642025767
2018-01-24,27.67018855862036,1.975662978260929,80.22485754459511,282.64419067658935
2018-01-25,27.621442671886395,1.7748106900469192,80.1990814940009,278.3422699249142
2018-01-26,27.361437206865173,1.55974226037069,81.11111144968716,244.5348327768601
2018-01-27,25.269776039829626,4.104610269677331,68.2260321765093,123.46674871618043
2018-01-28,25.8526580085055,3.7810550392433777,72.22670696270869,161.96497399639802
2018-01-29,27.499550849541876,2.1168762475094685,79.47710491657138,265.05120413872896
2018-01-30,27.72777644074414,1.9322948301848715,80.2144004866798,284.49762282525734
2018-01-31,27.378269601070883,1.2221534837244454,81.63382998287454,209.51777906708458
2018-02-01,26.683335873570787,3.3741635498889284,76.81761498929895,210.242765311877
2018-02-02,27.556058837982714,1.913940099886758,80.54817703577343,273.17779125211933
2018-02-03,27.34846143037748,1.3807832847204036,81.36148035504705,227.94046873598418
2018-02-04,27.239846726524092,2.778157556270788,78.96217941290271,249.56987811582474
2018-02-05,27.4147915392548,1.6674159083519884,80.83906704055515,255.57558480554775
2018-02-06,26.179055683289885,3.7131100678682882,74.56956815754349,179.7118177608765
2018-02-07,27.376443224198677,1.2826207533226108,81.40450789712591,220.16964598469022
2018-02-08,25.985858045845692,3.765986312956597,73.11934143145415,168.8992939339783
2018-02-09,27.317878780193812,1.4709618921016876,81.47537337479085,231.42541692287912
2018-02-10,27.355359718942736,1.594859874050725,81.13704176842636,245.7749282291095
2018-02-11,27.410785014070537,2.0444761651823646,78.8783504346654,259.21681044509745
2018-02-12,25.89693568560061,3.8045149764222344,72.77791699760188,164.36905632754528
2018-02-13,27.5196967332263,1.0300540444655957,81.32029573672199,197.4688300208278
2018-02-14,27.704693236061647,2.097708542056767,79.86632510522104,281.8839560115703
2018-02-15,27.503139211793997,1.0142291820125315,81.37837852271569,191.92128187167648
2018-02-16,27.693152651767708,0.871023173358417,80.61328151056087,185.86128410411948
2018-02-17,27.34366617304063,1.3024650203579697,81.56000686969834,217.39755631651371
2018-02-18,26.008012536870623,3.7790379656459345,73.34267360030364,172.03402743459725
2018-02-19,27.603327029047787,1.8162431153275438,80.2755868823435,277.31151959218994
2018-02-20,25.617538837206784,4.05262035756289,69.93060726258082,150.99602200679885
2018-02-21,27.362109627112712,1.3144038722294156,81.40476998709269,222.45894931767995
2018-02-22,26.0113873636997,3.773520320856311,73.53222602178842,169.27282435093744
2018-02-23,27.360848011985134,1.2996818637712901,81.462258923668,219.4900323291131
2018-02-24,27.44648844221808,1.4902574852780734,80.62226887410546,252.25170133159986
2018-02-25,27.595613284588083,0.9659581383297269,81.08405149001513,194.3007275429118
2018-02-26,25.2950097421963,4.103875980997176,67.85141686831894,130.68791419824092
2018-02-27,27.688596381036632,2.1125250453329483,79.89370853035838,281.679646380649
2018-02-28,27.56266520148214,1.0227191506467852,81.20353465651885,206.15735283957181
2018-03-01,27.4185170833818,1.3454608730606352,80.95506839161403,235.76685916785675
2018-03-02,25.35405546806646,4.078100565532281,68.711742113469,129.2888462430981
2018-03-03,27.69056121234285,1.8124484023708884,80.10748105060922,282.6542439232033
2018-03-04,27.168284872526225,2.6690071603246133,78.5037624966298,243.64096262730976
2018-03-05,27.603255256712504,2.33242461139319,79.72539866656133,277.60492545633
2018-03-06,27.45013788730874,1.590868711340744,80.6499143892096,257.2437145197144
2018-03-07,26.61296169901469,3.5881325003851487,76.74644429293852,204.2463317226462
2018-03-08,26.141982472488188,3.73209890812967,74.32066397016251,179.41429839900374
2018-03-09,27.536824870175256,1.001998319838673,81.27881419368771,193.02180209051332
2018-03-10,27.36785624965975,1.2544426472489958,81.5196052036791,215.13584178728289
2018-03-11,27.40973057157032,1.4704503412069505,80.84375314280939,245.89060262224766
2018-03-12,27.589882441774336,0.9814554661126885,81.11630846149689,197.786863679583
2018-03-13,27.417615093466093,2.3101179728113928,79.34683625029523,260.4582002306851
2018-03-14,27.6047469505319,1.6930193858772642,80.1307423645601,275.9030366918055
2018-03-15,26.817698648193684,3.3576315748969927,77.44398844555293,218.80777681507837
2018-03-16,27.5293442585493,1.731735262760628,80.36295739272693,270.35655237827467
2018-03-17,27.370517934348925,1.5391718752597456,81.03856063400794,245.09425073791186
2018-03-18,25.33229572488556,4.036502241454544,67.61038118573195,133.71917195417038
2018-03-19,27.46498330767926,1.741495582783479,80.69372820118882,262.1631741185092
2018-03-20,27.3589615703217,1.2724593631885384,81.59415652885164,214.63975750683957
2018-03-21,26.176490967606885,3.7115604949496466,74.49204012069123,180.59510274600265
2018-03-22,27.489394809588074,1.0608055357346806,81.39835873569,200.3006717896903
2018-03-23,27.33680071650109,1.4820394556784875,81.28612948959609,235.81973179819673
2018-03-24,26.357059855439818,3.6765405732807594,75.60753897745938,189.19428110321647
2018-03-25,27.412172867064427,1.140675859721494,81.58972256378063,203.32260325334653
2018-03-26,27.369981168905298,1.4357723415770804,81.12332849149334,236.95433021807764
2018-03-27,27.67024709634062,1.9049211734175988,80.1980712864707,282.2950575565276
2018-03-28,27.368593824935065,1.4854311446836983,81.08246899743087,240.64105256099836
2018-03-29,26.371417249381626,3.657710526942952,75.46812370310187,189.78132332921444
2018-03-30,27.4417293255607,1.068452688745487,81.58946710900288,193.88707279246532
2018-03-31,27.38224380325309,1.2250229645246122,81.52576265910132,212.72446331683824
2018-04-01,27.432521342163326,1.138481341907439,81.5204777310369,204.70582005774355
2018-04-02,27.445745522194393,1.7641768258225687,80.82391061000753,260.6299742222122
2018-04-03,26.705512507124688,3.3338671938870323,76.81594789805452,211.32535990050806
2018-04-04,27.480877062266153,1.0575360505543234,81.42305822686366,197.39232250911857
2018-04-05,27.407042417651112,1.2120967128532205,81.43744165788898,215.1683242348962
2018-04-06,27.52235994498644,1.8100831899700829,80.53541590846658,269.54332096875993
2018-04-07,27.56751874202742,0.9700390000681255,81.1608007215547,191.18650833917528
2018-04-08,27.616252666705513,1.9402625906140811,80.44617095718147,277.7791462697843
2018-04-09,27.522145646027916,1.7971221244183546,80.53567799843336,269.1368116475646
2018-04-10,27.5365729034663,1.0165013205699893,81.2848140633704,197.4854081259143
2018-04-11,26.95231275324597,3.036656834532048,77.77127246217819,228.3868718929491
2018-04-12,27.457980414753017,1.087126072621781,81.48026848549961,200.5969854711932
2018-04-13,27.573211917090738,1.0003443052790228,81.17459859714788,200.91363614364172
2018-04-14,26.176935854280885,3.71317401173013,74.74234599175531,180.15128825571435
2018-04-15,27.454970812396017,1.0674484148708885,81.52455671349466,195.74240211465653
2018-04-16,27.509125584482284,1.006152184152675,81.36493231214124,191.61207804857162
2018-04-17,27.420623677775783,1.143745342711756,81.55609210816912,204.9843676843837
2018-04-18,25.953314636545045,3.7584604756614524,72.69354476326254,167.56645861150986
2018-04-19,27.615051370880984,1.8103098354359453,80.1892746846108,278.5992216884577
2018-04-20,27.337486625875478,1.2802251675874297,81.68104930562471,213.17503316331684
2018-04-21,27.55863067999688,0.9542143152368997,81.18620520156308,187.7083864308453
2018-04-22,27.649511508752504,1.9624791749237844,80.39487099317626,280.35254690523453
2018-04-23,27.351518880957997,1.2717169039038156,81.65757566562479,213.04581259661072
2018-04-24,27.64634716320455,1.94201536291591,80.33618606377783,280.61800935374225
2018-04-25,27.580776263107857,1.9519369635680743,80.46213522199378,276.0179664000093
2018-04-26,27.318207609474598,1.4724972552732531,81.48017891044768,231.6774395813809
2018-04-27,27.426996908441463,1.1600750064296965,81.46126696290764,208.68163973054126
2018-04-28,27.722355338824133,1.9241595723620033,80.15812910729197,284.2013091437545
2018-04-29,25.238760719539666,4.1285895731118165,67.93647584472315,124.34018435651991
2018-04-30,27.545799975250713,1.7548488373545055,80.42585566716103,271.34084855556944
2018-05-01,25.545952931841246,3.930549038600476,69.59079435026483,143.21769034908337
2018-05-02,27.41803707407564,1.6055910750425464,80.77974845060412,254.15628624302133
2018-05-03,27.316612583853342,1.4945905700270719,81.4431711436186,233.65950718716374
2018-05-04,27.479207464679522,1.0794970370384966,81.42726991310208,201.75904858067724
2018-05-05,27.345185099625542,1.2363889859670554,81.83932178721275,206.20763680323518
2018-05-06,26.54164163125269,3.6026726240807014,76.41740029242236,200.5039353155848
2018-05-07,27.311417488435918,1.5057565892794198,81.51862651329681,233.29150871543135
2018-05-08,27.476159431036606,1.6662306378240084,80.56825014139417,263.12170774319367
2018-05-09,27.58999951721486,0.9785076540817651,81.11482881434264,197.02533468122567
2018-05-10,27.751708696882275,2.0170747994082934,80.09157650249819,284.9543983795224
2018-05-11,27.612559954604222,1.9399263524738946,80.40453182840767,278.3989014411133
2018-05-12,27.375668235684763,1.200486816626585,81.68193510336057,205.93944384330143
2018-05-13,27.585571520444706,1.874858322016186,80.3997113635755,275.90580266441884
2018-05-14,27.465384418318976,1.802040828368724,80.71456103595378,264.38123592611123
2018-05-15,27.626462154143034,1.9059549325173801,80.32241472894076,279.21537754927067
2018-05-16,27.691949828872218,2.0704249395615886,80.01906383915592,283.77992385446555
2018-05-17,27.47857245767058,1.04022324996056,81.45981883290129,194.0818433639893
2018-05-18,25.947798856225308,3.909943129121842,71.81902270177869,173.17038118325203
2018-05-19,27.38087351157528,1.2580121357144955,81.44511857159965,217.65558964627147
2018-05-20,27.44841840540397,1.131556399291772,81.42303334490481,208.3385882041101
2018-05-21,27.39636259235687,1.1636595927514646,81.6188012797158,204.13645523363994
2018-05-22,27.63986703757143,0.8945200558796707,80.84934826596108,185.03908101420498
2018-05-23,27.492617183832635,1.6934206336103237,80.46294969144753,266.0689402156955
2018-05-24,27.36435849361812,1.28990076199334,81.4528087556884,219.28428652010408
2018-05-25,27.719123547641964,2.0066569233394986,80.06504404035427,283.7473704844775
2018-05-26,27.561754558164306,0.9767474216627214,81.18251769525824,191.70401117677844
2018-05-27,27.691556608099148,0.8691620517351332,80.62100984698652,185.13370919265046
2018-05-28,25.52293271883599,3.93445281136594,69.16230545412326,141.89106073440132
2018-05-29,27.424048643434826,1.0993885514828834,81.62662914397696,197.36079751356374
2018-05-30,27.455190965126572,1.1826677937932375,81.20042441165985,219.57996190023462
2018-05-31,27.47239952781293,1.717784133081377,80.6102127356333,263.1612824282771
2018-06-01,27.51461973129671,1.8707211541549986,80.64036635219176,269.10929376618043
2018-06-02,27.57636048290541,1.794648207452417,80.2943545145221,275.4314383612279
2018-06-03,27.514606496681694,1.103048271842316,81.10606372963063,216.8289716385318
2018-06-04,27.366960113516072,1.4180229465044056,81.16801980722211,234.995028694574
2018-06-05,27.61125939916708,1.823064859655071,80.26141080097547,278.16421930322605
2018-06-06,27.445984508800162,1.06151975314709,81.57712897499685,193.65902189661261
2018-06-07,27.48865494370631,1.0320476719803635,81.41759414869536,193.4862549918398
2018-06-08,27.595576634884964,1.9304898370625385,80.42151127714197,276.97194326211917
2018-06-09,26.004741805378885,3.7792440069785376,73.65414098507256,170.4580081545742
2018-06-10,27.526162351685265,1.036905274018306,81.29950271309121,200.3393422144963
2018-06-11,27.489898233982334,1.025746714883173,81.44390101441218,191.73264608556417
2018-06-12,27.71640841546907,1.9811733405551768,79.90241721596361,279.6330571444815
2018-06-13,27.63153508388339,0.9381104088756296,80.94057713876694,192.1297936532989
2018-06-14,27.43332050930083,1.769202813363362,80.88240477772129,260.2633410061928
2018-06-15,26.476169354489052,3.654219902573724,76.34123329872041,196.33690892059187
2018-06-16,27.70206107474443,2.097603212306566,80.00382944513717,284.28056489748343
2018-06-17,27.46910690830405,1.6470476568932004,80.61840885288578,261.00203299989624
2018-06-18,27.539762954708806,1.8217815418722665,80.47296550929218,271.8389363930981
2018-06-19,27.57838130681362,1.911126569965703,80.45133313424878,275.6995603987869
2018-06-20,27.713590715029795,0.8606171979527982,80.52076043469093,185.67445683856204
2018-06-21,27.60921999589548,2.1016190644520916,79.73988494301666,273.701712564633
2018-06-22,27.392948061682745,1.4255645921431725,80.98866235368587,239.7207638268717
2018-06-23,27.502095458790528,1.7903224051987954,80.61296468028456,266.7759299079074
2018-06-24,27.692197214368285,2.0103638911079593,79.85955057721878,278.03441362692865
2018-06-25,27.591944496598558,2.0427667326091177,79.69499788921144,272.11133150373286
2018-06-26,27.363610992381545,1.3753434382960206,81.28029384084198,229.70886495738503
2018-06-27,27.76315460277648,1.944696031701804,80.06144610910135,284.4221259573876
2018-06-28,27.659234115064535,0.9187657920718315,80.82296841316492,191.41987841313053
2018-06-29,27.350046275525646,1.279808466754425,81.60332138370286,214.47883463864187
2018-06-30,25.416434662593765,4.066577881628325,69.09718936775502,134.05471457418
2018-07-01,27.41624989202483,1.1517907238843683,81.54284329446837,205.5608956683322
2018-07-02,25.553505188546566,3.9610939556714433,69.97790454880213,143.0945957024921
2018-07-03,27.48441757629475,1.5533052449452467,80.451225312427,260.08053858539967
2018-07-04,27.40146860863477,1.5273843571946597,80.86484640874387,248.50556376927298
2018-07-05,26.935408841216805,3.0501692382703256,77.73630335717937,227.996461950811
2018-07-06,27.703936317887464,1.8593238712689883,80.15213421400107,283.41701406311796
2018-07-07,27.459875764330402,1.1035374423854087,81.43680136214735,204.9752896204219
2018-07-08,27.41286259411622,1.3429453925845,80.98838533454376,234.74786421873927
2018-07-09,27.492951612373616,1.789808189976481,80.63269939126462,266.53958109421467
2018-07-10,27.421011808312315,1.166632271839771,81.48480695479789,209.82785168927956
2018-07-11,27.52269819120483,0.98118477043089,81.3235486381452,188.25861994437327
2018-07-12,27.398130176996986,1.6136865455736018,80.94244162688508,250.87937111171954
2018-07-13,27.444168057889218,1.386485300978339,80.73680882477993,243.5239229784586
2018-07-14,27.33915138773739,1.3924269290963447,81.38182384462087,228.14768618426828
2018-07-15,27.445885503699373,1.1373950067434762,81.44646883256777,208.1983923999189
2018-07-16,27.58954292299681,0.9781699949668708,81.11566318936347,196.83570598186753
2018-07-17,27.408588322489713,1.3686831522196445,80.97110066711396,236.78631511240977
2018-07-18,27.33315967030073,1.4100296085304593,81.4637452060113,227.6911765889084
2018-07-19,25.27228170876871,4.138983647854259,68.24281920476167,125.73439412899569
2018-07-20,26.692431108228696,3.3350966922527867,76.76418015322254,211.46596350835378
2018-07-21,27.440589876110188,1.6673402414488083,80.73241632964039,258.83248209659
2018-07-22,27.418982331001978,1.454567041169036,80.79190245811449,246.09939809336888
2018-07-23,27.645198042304603,2.2436193760668046,79.76103129046341,279.794263702178
2018-07-24,27.41662453343451,1.1171667212933871,81.67682103141372,197.4565959111918
2018-07-25,27.739539722886907,2.0357467623098797,80.11591769346411,284.96074593205816
2018-07-26,27.649394942335633,0.9194782332658562,80.85240542930785,190.95476947983812
2018-07-27,27.399328418679588,1.6684377667885935,80.92502923206641,253.71527318653372
2018-07-28,27.563790652782153,1.8569035960982627,80.46954341054862,273.93763584407753
2018-07-29,27.655099061407522,1.9467255388279385,79.7888095093482,276.2435882045284
2018-07-30,27.395507178105547,1.5780028510944253,80.91046499213995,249.4638137044586
2018-07-31,27.478989093531755,1.7795681133679755,80.65489243978126,264.6985780917131
2018-08-01,27.403888507088077,1.375500988866726,80.98420516545325,236.83243238655945
2018-08-02,25.56251757960471,3.9511631186836795,69.88164122631783,144.29329908380632
2018-08-03,27.400448779743055,1.1633894299351815,81.60786317059564,204.89693812697044
2018-08-04,27.38070807888758,1.5675149920212812,80.96627024949825,247.5964453091618
2018-08-05,27.328075542039976,1.3946711810251657,81.51793811243468,225.36006451603214
2018-08-06,27.584363861824496,1.8727634500535018,80.43592456651794,275.4695414070362
2018-08-07,27.384280406894586,1.42213755639211,81.03079746283984,238.50997704596767
2018-08-08,27.706539719368205,1.9751166134858553,80.06861543085104,283.43119853805825
2018-08-09,25.897707365460775,3.777288745780875,72.73260612109718,164.18119182225786
2018-08-10,26.50030700167176,3.5137071738560333,76.07965921788178,199.35151764906013
2018-08-11,27.71965165968346,2.0108321022741147,80.16675319423703,284.40992730893896
2018-08-12,27.327572881181194,1.4117676382196966,81.50398596869648,227.1328047328835
2018-08-13,27.561503609502658,1.6802249296100027,80.2510582472874,272.1526260564028
2018-08-14,27.337794839698255,1.4587768563621497,81.32183510057753,233.8262102288996
2018-08-15,27.600665598870435,0.970309695749924,81.07499445698569,196.0566591569589
2018-08-16,27.35432436482956,1.262208451647887,81.66939127849452,211.89282755108843
2018-08-17,27.525900204503216,1.8312280041065758,80.47620348154005,271.04116606126826
2018-08-18,27.40396969636096,1.243478939270643,81.35050741118447,219.53517442061062
2018-08-19,27.493549969679435,1.5379331405583923,80.38565803320456,260.57414058272843
2018-08-20,25.930021586861,3.7684826102741793,72.73802541173953,165.8063248467617
2018-08-21,25.305812114935357,4.0945316513199765,68.40068030462969,126.38378598765313
2018-08-22,27.41881817087341,1.105816863438243,81.65812804511175,197.06377460831385
2018-08-23,27.595422655229488,2.3246357161553,79.67730681645338,274.47065295114663
2018-08-24,27.63051958169274,0.9125289564583215,80.9045828970626,187.23591930117763
2018-08-25,27.14398891898698,3.1122271114318147,79.12766766256365,243.79661950918586
2018-08-26,27.329117513460655,1.4469811676924949,81.4080063005433,231.13954656105105
2018-08-27,25.916441217527723,3.7670605698355457,72.73335092106609,165.55870824078826
2018-08-28,27.719099114506545,1.8347536199779786,79.8916665509336,280.8281346193891
2018-08-29,27.41440239067096,1.10563266959177,81.67491839095864,196.28229869207172
2018-08-30,27.39783926997846,1.6684471807460315,80.97630431411274,253.34053708920464
2018-08-31,27.388327144947553,1.1702038917673323,81.69735694146948,202.80128833810315
2018-09-01,25.954630844459565,3.757823878992446,72.73691401757657,166.753342450854
2018-09-02,27.361239451175415,1.5133318054456537,81.07781772991905,242.4356191386641
2018-09-03,27.7097371514537,1.9649300010507234,79.9260783000537,280.17100335659234
2018-09-04,26.8602649877625,3.357886284613331,77.8528421585499,222.8068944879655
2018-09-05,27.37249421868737,1.2648097234719935,81.45877047303415,217.69665370122362
2018-09-06,27.7385153127823,1.9946310367672122,80.19258398514077,284.9705686809543
2018-09-07,27.609789084341166,1.9629342420738942,80.375964022028,278.4471641170977
2018-09-08,27.679883423143224,1.952221513753272,80.26647013261278,282.7019924119711
2018-09-09,27.482979329959075,1.0424282474630837,81.43835233758371,195.33500626377744
2018-09-10,27.400645008361845,1.587138297489608,80.84540032848672,251.0421202310658
2018-09-11,27.411029345424677,1.1615808843760793,81.54738674015842,206.8389345910469
2018-09-12,27.422515464187587,1.1478572882718836,81.51617646974654,206.3323360685541
2018-09-13,27.62182571218638,1.8993640965798384,80.35632386249164,278.6245587068198
2018-09-14,27.554166288035432,1.9223877945234604,80.4659504556875,274.1468213882596
2018-09-15,27.471029236135124,1.0564154343755396,81.481061390589,196.10362749960498
2018-09-16,27.349025174074796,1.49031521237557,81.20242326235591,238.40240553413918
2018-09-17,27.379054515546063,1.1671480856586312,81.7105394032799,202.16548697949787
2018-09-18,27.363495444011985,1.2268235171009843,81.69549908854036,208.14915454128243
2018-09-19,27.659184739770055,0.8773722659738276,80.75867343143946,183.8045175071823
2018-09-20,27.342341693491722,1.4059412866748457,81.37490168366266,229.4949630752853
2018-09-21,25.97720464371986,3.769830760028018,73.32083802259613,168.79980757286577
2018-09-22,27.379736861754864,1.6349793187015242,81.04549606534421,250.2895629131082
2018-09-23,27.613520991263847,1.840304124807716,80.3267640953516,277.72786939287505
2018-09-24,25.658307177972127,3.8489694596622543,70.40216019434092,150.76601188034505
2018-09-25,27.355070338995176,1.5210043583793584,81.12592285040506,241.66295532747858
2018-09-26,27.40109829392615,1.1607794546409909,81.6452756839557,203.40313560982008
2018-09-27,27.424936889711862,1.1611117851007318,81.45781500581344,209.51536770634476
2018-09-28,27.342695210419745,1.5334130200135059,81.21714674681914,240.5210519030034
2018-09-29,27.3638741576109,1.2170925046814773,81.66836116539722,208.12160119871086
2018-09-30,27.61565049172228,0.917222968783051,80.96026540342379,186.7180973128883
2018-10-01,27.71510327881903,0.843708309419671,80.48782335633332,182.75649757621824
2018-10-02,27.588284871034812,1.9482184503801145,80.41019164465243,277.01538321662383
2018-10-03,27.72345024870488,1.9542268643093772,80.23473568226733,284.33304745476255
2018-10-04,26.152055541586318,3.7366843935111063,74.32813270481728,177.70352660704782
2018-10-05,27.7179041814777,1.8664477503437198,79.98089823184067,282.79527306529724
2018-10-06,27.560429824103572,1.6666262016582376,80.23113775101443,271.63457357039573
2018-10-07,27.55293216018519,1.015524045214835,81.23086334134669,201.43030564334217
2018-10-08,27.4229501703885,1.6137677187537736,80.75194037336867,255.80111795709848
2018-10-09,26.697062841716548,3.320161892832197,76.47805255536895,213.5651062241751
2018-10-10,27.38246497403095,1.4581233856184905,81.03547029471602,240.42553719487418
2018-10-11,27.437388371835457,1.1545127785586211,81.43508118939066,209.6246413551661
2018-10-12,27.50416184031581,1.0412372930362737,81.35857580104805,198.32427797388362
2018-10-13,27.52551945480968,1.7181496788249082,80.45037269063633,268.71852921216885
2018-10-14,27.43395373472698,1.753041712770111,80.82919885566648,259.8146506026437
2018-10-15,27.284804204709733,2.4796265785469243,78.867822048468,249.6808361710452
2018-10-16,26.84758050006107,3.342064796975197,77.60083767909347,220.9733560654013
2018-10-17,27.583103773767878,1.8743048523675747,80.3766972104161,275.87080247250367
2018-10-18,27.75202530959535,1.9737347155827112,80.05788798898266,283.90822243030055
2018-10-19,26.673439053913015,3.5027983510257616,76.99812862452411,209.46988873356742
2018-10-20,27.382873720025483,2.3848480984152896,79.19733382981097,256.2283011505193
2018-10-21,25.60977355410207,3.8810540028289093,70.13751567977748,146.9975160393935
2018-10-22,26.082060080629137,3.7688343015143113,73.8936406213985,173.16786343895015
2018-10-23,27.60371795921441,2.2365148577724643,79.73580761935617,277.3878320673687
2018-10-24,26.628306598846155,3.416402733559795,76.47892840032124,207.1014537610045
2018-10-25,27.349561939518427,1.5890431140851504,81.20980491015463,244.17343008597493
2018-10-26,27.47294927335975,1.0787707413410725,81.43794261466095,200.28811852936815
2018-10-27,27.636643899791387,0.886628317597318,80.84602071866126,183.74269092703625
2018-10-28,27.396143966697277,1.6055939169919617,80.89335615721951,250.90584288807688
2018-10-29,26.444630757882308,3.6744798047110576,76.03620204731307,193.79306518479848
2018-10-30,27.344571471610088,1.5884670864630557,81.21830458730533,243.84539637238683
2018-10-31,27.18333899259508,2.64583461528037,78.55427287314012,245.1785419802446
2018-11-01,27.44831736420856,1.1595787310130659,81.34700403137526,213.68969910593196
2018-11-02,27.533024499571052,1.02228646384832,81.29662967624012,197.7375371679781
2018-11-03,27.43186750127917,1.6713470348805732,80.7567857201597,258.073719070846
2018-11-04,25.78490886893546,3.7979770717925505,71.78819229593891,157.63643075831928
2018-11-05,27.38849894043093,1.1903730291452175,81.62514286163366,207.1424291629883
2018-11-06,27.457042284157847,1.65820657127201,80.63422880233664,260.6863929712872
2018-11-07,25.826263859462564,3.7843879354200616,72.00074808840093,160.48787369848992
2018-11-08,27.46759078134924,1.6747499140616067,80.55494492858665,263.06626417677074
2018-11-09,27.703049598681396,1.9359609449304884,80.20808378672082,283.67073885861254
2018-11-10,27.33505400183081,1.4447230612602744,81.32334792367695,232.4361316847502
2018-11-11,25.33053488480887,4.099976471155836,68.62091384020098,127.86034550245417
2018-11-12,26.89475337644684,3.1508431648419695,77.78223047686545,225.73602402432482
2018-11-13,27.327539285620002,1.5484096318338756,81.35457809965592,238.72494276368795
2018-11-14,27.36577103425925,1.2068430141155335,81.70704597625426,206.27065133315747
2018-11-15,27.506077296327547,1.8016930448090382,80.59500156477618,268.1017350499836
2018-11-16,27.742306775472557,1.9320070828065818,80.00188865234514,282.23516361109216
2018-11-17,25.295775822796262,4.072344907479133,67.70979954060122,130.57254122519524
2018-11-18,27.468703761569717,1.6162661475334172,80.54522603545121,261.03270692695463
2018-11-19,26.495458805874847,3.654825948286517,76.31504420760892,197.06939520650894
2018-11-20,25.304126737615437,4.147021746531494,68.34956778471467,129.03075972155935
2018-11-21,27.561856617407027,1.9298685158716387,80.49223741583722,274.5647314811882
2018-11-22,27.71724117816776,1.9309195042897498,79.94330325078221,280.82012039104785
2018-11-23,27.650652485273977,2.0486929076271783,80.43844593835031,281.5546988870186
2018-11-24,26.29558010570994,3.6974566104893287,75.38605802634997,185.86311035526802
2018-11-25,27.573693707979686,1.8919458981187947,80.43554801954033,275.0317907797849
2018-11-26,27.42691622819223,1.6947408967355257,80.79720231535424,257.6665891788721
2018-11-27,27.625210210464886,1.8776402352499968,80.2789393116022,279.3494208374565
2018-11-28,27.367384639243895,2.366589461531777,79.15606461282573,257.006089103277
2018-11-29,27.413792834844745,2.426398109352968,79.34767228411333,259.1113488739163
2018-11-30,27.59617346511982,1.9429496537861592,80.36378845015327,277.6745712282869
2018-12-01,27.558264691989322,1.7509010143731063,80.27369419467199,273.5122434406179
2018-12-02,27.337727648575864,1.4001806552102214,81.41022411247745,228.23827178735576
2018-12-03,27.55473232233919,1.8959788019608117,80.55646272807785,272.4767413087887
2018-12-04,27.665749363329805,1.9348476112470814,80.26283736661746,281.9856232357049
2018-12-05,27.368832048005352,1.278593888623101,81.45494694535412,218.28217109616554
2018-12-06,27.517935002358215,1.0618542150688919,81.29108265820891,207.18539039146373
2018-12-07,27.349168464233525,1.2535756750555191,81.65591852716392,211.58851737183795
2018-12-08,27.661308131944637,1.608156112011609,79.33089189105,274.820193874863
2018-12-09,27.693882846200033,2.006667935893483,80.23685396636597,283.7120156806888
2018-12-10,27.398067567087484,1.1574309277425232,81.62997825564115,203.36934109827482
2018-12-11,27.320919432993737,1.3124693927868518,81.77085658918034,214.16427617624706
2018-12-12,27.498335046543197,1.0587376622914408,81.36809729730976,201.64115786332968
2018-12-13,27.349554558675436,1.2810811272269225,81.62468337479316,214.94889040756973
2018-12-14,27.447831501130374,2.32182627153653,79.4279597302045,262.73612052253526
2018-12-15,27.45687837854111,1.1178027850968781,81.44560294039904,206.27914428752794
2018-12-16,25.53679737788028,3.9812735727377966,69.91793985731904,141.71375479764754
2018-12-17,27.33547165573929,1.3496035471988146,81.55828006175261,221.17287843603032
2018-12-18,27.386549125322517,1.2642647796716278,81.3804470428966,219.8560981661349
2018-12-19,27.424842465823957,1.1390470674629036,81.51379941327562,204.79069640966756
2018-12-20,27.472290087727224,1.6624865470913117,80.51686226113429,263.11833893039534
2018-12-21,27.426958222643727,1.1108101685607616,81.59756701601438,198.7870464688109
2018-12-22,27.367536073781096,2.652085305397279,79.33925222923102,258.7465419090455
2018-12-23,27.63969804171815,0.9424397635660204,80.9241185523717,194.7778223575288
2018-12-24,27.335495325339224,1.4291049506271665,81.39223445621293,230.2478927357101
2018-12-25,27.420535616683562,1.6386745634286468,80.80787833450762,255.2923563021773
2018-12-26,27.49044543441088,1.8197767241816765,80.66721564461199,266.75249006306854
2018-12-27,27.40705285263603,1.6346684804842357,80.89535334911831,253.27525304329194
2018-12-28,27.46975591346349,1.7127315022648162,80.64989946003428,262.46147362650373
2018-12-29,25.840796230285598,3.8162675029851454,72.17592454344802,161.79983124690557
2018-12-30,25.641355290463526,3.94571261494899,70.69041934667123,149.08524025288787
2018-12-31,27.42434336813076,1.1922300654662166,81.36371973134553,215.50768779784283
2019-01-01,27.52206242066041,0.980198081118298,81.3125640827018,188.9637124630619
2019-01-02,27.729070633385607,1.9947376098702827,80.11850044079503,284.83496510052504
2019-01-03,27.55960418773604,1.0095136774453495,81.22097525089093,199.95707061485524
2019-01-04,27.492418919119224,1.5076953316461064,80.43100623264756,258.41246206301406
2019-01-05,25.232049369911515,4.12425737647201,68.03321524202053,122.08793796431173
2019-01-06,27.438955910179367,1.5564431123433118,80.67561911152171,254.62685619916576
2019-01-07,27.70461739153713,0.9110868447519423,80.65063762481414,196.34561464208647
2019-01-08,26.842115240339037,3.4034697322585417,77.92816150685296,221.7331297349848
2019-01-09,27.51119298405488,1.035001878397471,81.36094456353267,196.49861193491128
2019-01-10,27.73539652485142,2.038222100250525,79.986266099768,283.9330629920397
2019-01-11,25.961673186719032,3.7655912819878834,73.05713404607805,167.79028076077097
2019-01-12,27.316453259449496,1.3763592575901185,81.65474741629967,220.99004055404984
2019-01-13,27.507191040083505,2.3422947017122038,79.55071570369854,268.6408692118707
2019-01-14,27.440125901049147,1.7152785994281954,80.79170174364626,259.40276891156475
2019-01-15,27.388260208336987,1.4649904235148226,80.95144889599679,242.6970390118138
2019-01-16,27.68969307250017,2.198617817564357,79.83518450429399,282.4751826576757
2019-01-17,27.351587853663176,1.308536312418044,81.50597652540625,218.979408961856
2019-01-18,27.458485875241895,1.0711461463037495,81.50914814576382,196.6929569721871
2019-01-19,27.32714530131145,1.474039012831003,81.38523599058085,233.27290932266587
2019-01-20,27.36653660583556,1.3020731865823483,81.43359988343914,220.98018234396633
2019-01-21,27.708092496026136,2.0428395575628824,80.24772572359582,284.4876936927991
2019-01-22,27.34678368841238,1.4985023357752658,81.22922942604743,238.16761701268987
2019-01-23,27.511453349654136,1.0556227081105356,81.32706197073793,203.60971475673188
2019-01-24,27.547366241035487,0.978262713566542,81.22852111961821,190.52086639141433
2019-01-25,27.528099186690486,1.7999331676336712,80.50060107161276,269.8920462851672
2019-01-26,27.688669934954703,1.9991076399616785,80.15275792177012,283.6253308082099
2019-01-27,27.47605329960465,1.056934445387492,81.45524718765785,195.85052327488899
2019-01-28,25.22819415200854,4.115451240965315,67.97838038105823,121.81981592675271
2019-01-29,27.468945038781932,1.8016880713975614,80.75631296294112,264.4049949216363
2019-01-30,26.16842294268368,3.6928352454965245,74.35753571561642,180.11205045191073
2019-01-31,27.554003400466005,1.8069677029236622,80.44424011717298,272.5898270352502
2019-02-01,27.23208437030539,2.7276342676764322,78.84735414909984,246.98550224288942
2019-02-02,27.463039346342875,1.7904474509730643,80.78541656083517,262.95323164209026
2019-02-03,27.448305656664505,1.1479420138888246,81.38919056324426,210.97404591742418
2019-02-04,27.742117164161268,0.8405612056860062,80.37609506701139,184.44845720828457
2019-02-05,27.365409627464583,1.2179804362518911,81.715500865879,206.5986495855582
2019-02-06,27.424480040981983,1.4884659914154625,80.72826601890053,249.34218183184555
2019-02-07,27.3876565062828,1.236487388465557,81.46487650574134,214.88623048952095
2019-02-08,27.503507235896173,1.6670667038175946,80.45011889465583,266.07879842577904
2019-02-09,27.357336512304833,1.4695750207870666,81.14291722831469,237.9732719754141
2019-02-10,26.15167657347557,3.758556036210539,74.511001832149,176.78281233867293
2019-02-11,27.388808935836497,1.6434984173172837,80.97959370907563,251.54155559371375
2019-02-12,27.592657638738455,0.9282962694357278,81.05073454708543,186.42119852179414
2019-02-13,27.53249715106503,1.024835870095599,81.283815467421,198.70261338172878
2019-02-14,27.349811106597283,1.3810616181412552,81.33104308415746,228.63985200350936
2019-02-15,27.399457201664163,1.6126916856564408,80.89664721097967,252.08269331268622
2019-02-16,27.365749655265763,1.5809318352104729,81.06476631309201,246.13994796110447
2019-02-17,27.4092004234342,1.1870475930857483,81.51076713188775,210.07395232949375
2019-02-18,27.708465610364858,0.8973358948846254,80.60874801765436,192.81181866961586
2019-02-19,27.53845781805877,1.5757236076634291,80.22748839704651,266.71873101271063
2019-02-20,27.404542093460403,1.6643544183444565,80.89992997075352,254.471287970258
2019-02-21,27.406712570323023,1.2151645972469363,81.42600922718589,215.34538194333848
2019-02-22,26.87194275393131,3.2795930649301184,77.75773667655177,223.36693301979588
2019-02-23,27.682451701991805,2.091927128837044,79.89946787443864,281.2001933970732
2019-02-24,26.776528815020885,3.307690353067239,77.39488804671201,217.77612222207665
2019-02-25,27.529956104981963,1.8991621405495203,80.59381718353386,271.23751465562935
2019-02-26,27.636305653572997,0.9251781180617307,80.90270016217461,190.5569658801374
2019-02-27,27.541265083513117,1.8546243526672668,80.52623280684551,271.5861158578809
2019-02-28,27.43890144464834,1.4392841029450838,80.71316101106791,247.36610716672502
2019-03-01,27.54605626866073,1.0253790376775804,81.25925365641974,201.5481077077213
2019-03-02,27.493306656372607,1.7039779428223019,80.46209541085959,266.49309147759783
2019-03-03,27.623952158502885,0.9430708539580348,80.96848474383788,192.51791634885282
2019-03-04,27.60958369329659,1.9644749339006133,80.38584547729474,278.41344052792715
2019-03-05,27.331535630331175,1.3667225623668289,81.55467549531068,222.78114966594885
2019-03-06,27.105491969023753,2.881060281671308,78.34329044987747,237.80945902044732
2019-03-07,27.50276940610903,0.9977915242168133,81.41335592170081,188.58441960315824
2019-03-08,26.42751840066664,3.6695351679722745,76.11922982647467,193.42095321533336
2019-03-09,27.480917529646682,1.0421461839836244,81.4366802699475,195.08195523084248
2019-03-10,25.22977505222338,4.1323043562411685,67.96884063802668,123.13598449116631
2019-03-11,25.246287397806352,4.114935071902777,68.07878654969474,122.78436022269311
2019-03-12,27.353829848349253,1.2604723757988725,81.63406553208519,212.7714848512653
2019-03-13,27.398879714328178,1.4381865776052987,80.92832526221832,241.8672294972126
2019-03-14,25.243329970373935,4.118699944390573,68.10673811289301,122.16409086414747
2019-03-15,27.369982441464433,1.47446921292373,81.09314004019247,240.30418901175992
2019-03-16,25.53630922419565,3.9919333697505612,69.86795200194503,142.13977663718262
2019-03-17,27.699451564979835,2.079410650746957,80.22349401324892,284.6033326247499
2019-03-18,26.445703907001825,3.5672050953789194,75.76744371554943,195.4143329398811
2019-03-19,27.009823518286098,2.9751902644707604,77.89222698184989,230.87130040933633
2019-03-20,27.591083483087036,0.9403438258723055,81.06476797188928,188.23693542830824
2019-03-21,25.92837909478397,3.7659440389590455,72.82776136701305,166.32465215697076
2019-03-22,27.728411702264907,2.0627310720072694,79.88198746893238,281.9914034092431
2019-03-23,27.585627513046695,0.9355549634858433,81.07446364186309,187.57705592349183
2019-03-24,27.44543196362325,1.7264074957163074,80.79019555573586,259.85158342926957
2019-03-25,27.353336095404426,1.2567471129810517,81.64666741485527,211.56608817083864
2019-03-26,27.42540824561589,1.7233472490616448,80.8566635618695,258.44067143755154
2019-03-27,27.678422016231266,1.8110121521851783,80.07406292104676,282.1892059122856
2019-03-28,27.541053584184695,1.7963682973359711,80.49201513700464,270.9631514490966
2019-03-29,26.914539125895732,3.1479365610775667,77.70391368191696,225.84981897453335
2019-03-30,26.01632412961249,3.7499673098341066,73.39426800082215,171.7943807304809
2019-03-31,27.473366163732752,2.4382675110855794,79.54020556427096,268.3103709457617
2019-04-01,27.61831141287598,1.9749167889175987,80.42049609321998,278.617448738756
2019-04-02,26.432438750566575,3.572383127213426,75.11471528845817,198.57718716206915
2019-04-03,27.562217006154384,1.4923981836750781,80.12395290738255,264.67386164412966
2019-04-04,26.904219943860674,3.240446987954028,77.8246442639588,225.80744285564924
2019-04-05,25.27519396035179,4.087920921736528,67.75283205907186,128.6801372316288
2019-04-06,27.75551288516389,1.9592773636638767,79.99357807808187,283.0788207193538
2019-04-07,25.355364931417558,4.113297398552264,68.76362846230495,130.3725844550212
2019-04-08,27.330769549731208,1.3639843441052768,81.56182657029052,221.9863403432628
2019-04-09,27.385201230685503,1.166665309501723,81.68792170266518,202.7668377945919
2019-04-10,27.548455551656037,1.0229559205574397,81.24607782979835,201.54349775336573
2019-04-11,27.540164574372174,1.8537685706496125,80.47024010539705,271.98159674981014
2019-04-12,27.391946557642594,1.4702906591741836,80.9658439386029,243.04353027341799
2019-04-13,27.555085075731736,1.9079377251000025,80.55041641207193,273.2475079464509
2019-04-14,27.707999853721027,2.090016983586348,79.86746635773463,282.24319557002707
2019-04-15,25.8136874120318,3.9648169094053642,71.13908751145806,163.98761806580694
2019-04-16,27.61246476718084,1.9320472253420717,80.33620099295315,278.7162436067152
2019-04-17,27.63363404292256,0.9194919101474169,80.90552509390523,188.6440121285012
2019-04-18,27.57174236580031,1.9169335607301632,80.45573392337462,275.06679097170013
2019-04-19,27.39297503993643,1.4269493319957323,80.98224114949961,239.92755574090756
2019-04-20,27.36681656884551,1.246558369083858,81.64227657851298,211.46046702431443
2019-04-21,27.449999432874723,1.135985222211695,81.41772519367875,209.46829298013662
2019-04-22,25.313342356367624,4.139166953591539,68.2963568862681,130.41658292322666
2019-04-23,27.611308010926077,2.209924690934596,79.74172786677046,277.15907194776906
2019-04-24,26.88087408297248,3.0761787593183,77.26363903125632,223.79319422234562
2019-04-25,25.267310456503328,4.113237007127191,68.24563584250599,123.46893844449934
2019-04-26,26.62907764242675,3.525711923429544,76.73970294088144,206.30449903648375
2019-04-27,27.30247903306358,2.7279680191108806,79.19244203669672,253.89933447947777
2019-04-28,27.34475242951925,1.3461960498499816,81.40676220259971,224.1672210959276
2019-04-29,27.50373375142241,0.9987487283042227,81.38708720832092,189.52898152002652
2019-04-30,27.723646477323673,1.8614695430774697,80.0175825332044,283.3583257980524
2019-05-01,27.407798572289813,1.5483900934316461,80.82930004229922,250.42234732914307
2019-05-02,25.56709815621529,3.9841467835965707,69.94069938509932,145.10426984262745
2019-05-03,27.048650061065587,3.077311631403936,78.38759028945333,235.63276268788988
2019-05-04,27.51916378546008,1.834644204925493,80.51399088308047,270.0157349066466
2019-05-05,27.462715098274987,1.1243525903897378,81.3847980681047,209.31662548183746
2019-05-06,27.51549983319527,1.0023388209029827,81.34300632998315,191.8405544786725
2019-05-07,27.3351015955425,1.383265017047233,81.45821809354717,225.45364658945078
2019-05-08,27.422113080988737,1.148872041834951,81.51388235313853,205.69133964600195
2019-05-09,27.48914207934363,1.0561475806431566,81.39935899043665,197.93689996326404
2019-05-10,27.513617463721076,1.0206553625058297,81.34926663083536,194.33113551106507
2019-05-11,27.339624016200556,1.2542263038497632,81.82322813621431,207.96910036250895
2019-05-12,27.439482495149907,1.142951550715721,81.43774687658448,208.69174616893625
2019-05-13,27.58400576368358,1.9564471372900076,80.45661806231321,276.2822231681471
2019-05-14,27.457153251314516,1.0600803057682875,81.52961936272649,194.33927385356208
2019-05-15,27.730450342001024,2.0221895978683118,80.11863148577844,284.8944689728996
2019-05-16,25.85675106771102,3.7754329528127446,72.34887821016923,161.75676363486812
2019-05-17,25.30683868839049,4.08476280544888,68.31054789681147,126.53735952477238
2019-05-18,27.050988261222354,2.8060976490808796,77.9591942859582,235.10887683656358
2019-05-19,25.403024179905163,4.068173636224963,69.05594669152592,132.71423736583748
2019-05-20,25.73910043045547,3.82058264792846,71.02077877341308,156.07771653772338
2019-05-21,27.3776267041953,1.171271576638258,81.74251272043053,201.96217026182237
2019-05-22,27.365094032798815,1.3073892305853312,81.44545530744305,221.34851769697858
2019-05-23,26.51640003901937,3.5155441389092883,76.03668309851793,199.28525842049527
2019-05-24,27.364770039242753,1.2663356726861215,81.54854623944186,215.30454838610407
2019-05-25,27.462982335693574,1.746774503822226,80.73851240956404,262.1715252281303
2019-05-26,27.51938724684439,0.982969159419963,81.32811033060507,188.83975788267733
2019-05-27,27.37052862384567,1.200280242428467,81.64832952970792,207.0227121944922
2019-05-28,27.61480831208598,2.0048084128667454,80.4593484426001,278.87466646120464
2019-05-29,26.815612669257703,3.248358975125964,77.22084537959086,218.21119552968298
2019-05-30,26.143412065421742,3.7368385692668813,74.5160744341644,177.69781735588435
2019-05-31,27.42186951317008,1.691704629029054,80.85103194517811,256.5376113571862
2019-06-01,26.450213347556694,3.6374342835964817,75.9290122272894,194.4990087719835
2019-06-02,27.648842142646888,2.1406122090252766,79.82857917361208,279.58578738174293
2019-06-03,27.534959298481656,1.0140726971728566,81.27420107851282,197.19420085538994
2019-06-04,27.63219401500409,1.9553988131994733,80.38822916895468,279.63032663305546
2019-06-05,27.70080709497167,1.8030074464135712,79.79290673857581,280.42747639410663
2019-06-06,27.350478182096456,1.3437278167828743,81.40201638364418,224.20594471251465
2019-06-07,27.7139589936438,2.039557994097511,79.96982741893984,282.7114782795874
2019-06-08,25.846186281762687,3.8353661135426895,72.11146119380086,162.72820513174824
2019-06-09,25.7332273155303,3.7892483794074194,70.59297164294462,156.05922352851996
2019-06-10,27.352164322951857,1.3112365196061675,81.49531045903642,220.11294354611638
2019-06-11,27.37201828157045,1.376622493154702,81.17552586481519,232.06793817648736
2019-06-12,27.399872310454377,1.2526833029391442,81.34007357643077,220.30358288931401
2019-06-13,27.429106047953724,1.0892456340200098,81.60898119994762,196.0591059788861
2019-06-14,27.394474878134304,1.5530469827921396,80.86879932261003,249.45801580032676
2019-06-15,27.08642394292765,3.100461796096535,78.64617687643003,238.62247766283795
2019-06-16,27.52685284227254,0.9642309435726347,81.31377168710571,186.21541725159773
2019-06-17,26.96067881151886,2.935939745853661,77.16974613005388,231.14218841950867
2019-06-18,27.356990885243455,1.329268511023817,81.40965348622066,223.46212857723899
2019-06-19,27.09014745096003,2.7197201490424345,77.90498810915675,239.09861502539644
2019-06-20,27.47006361826261,1.744444460545433,80.61713821418604,263.80396325722836
2019-06-21,27.67753478800154,1.973721216322989,80.26325704232377,282.83128390105196
2019-06-22,27.415500354693634,1.6431090702474005,80.84647854670452,254.33102124369213
2019-06-23,27.66841130253081,1.9995378400544055,80.26614169075567,282.54225749354964
2019-06-24,27.660144758382366,0.9005758948397996,80.78339780457202,188.21922256522657
2019-06-25,26.511443293928146,3.640314599328794,76.30022119531019,197.77076430052577
2019-06-26,27.67212488460193,1.9524783549316709,80.19185079675266,282.69793210601944
2019-06-27,27.72115353397595,1.9039479833647288,80.14688412067905,284.08130848575956
2019-06-28,27.50242199746486,1.4855597428947365,80.36661669947839,258.2572129847925
2019-06-29,27.685530531565814,1.836850090537209,79.7800842357704,278.2126238239598
2019-06-30,27.548336185609063,1.6369420400164012,80.237522461661,269.9433940844511
2019-07-01,27.471300291231124,1.0784002221860651,81.46009253444888,199.69953374172042
2019-07-02,27.50950277101024,2.285464594499988,79.57773253464184,269.3125218308876
2019-07-03,27.360737553852115,1.4929216352329917,81.10594263743079,240.69755996304178
2019-07-04,25.330678683991255,4.0621721495474,68.34025695570473,128.03898123373355
2019-07-05,26.096587997495195,3.7636374417649288,74.2394451094109,173.812264135488
2019-07-06,27.571680519426295,1.0086564744529876,81.19174890199979,202.31580695267772
2019-07-07,26.457723991578266,3.596705596039798,76.07565156370612,195.82190609669692
2019-07-08,27.512982965735787,0.9891115002154175,81.3562634376702,188.76786032532368
2019-07-09,27.421613219760058,1.5892328142086156,80.78459213859789,253.98185266244298
2019-07-10,27.623764583286217,0.9061118346787843,80.92043934005314,185.5322220160982
2019-07-11,27.68722354424055,0.8661316455493304,80.62739787522763,184.428279792682
2019-07-12,27.478243882901626,1.7315214060671336,80.56396215048188,264.3804912411769
2019-07-13,27.543172140634557,0.9807229536509189,81.2477084275031,191.18730621589066
2019-07-14,27.543963417905417,2.1817664785068875,79.60713969243412,269.3616887671494
2019-07-15,27.349302591966477,1.632427603370345,81.21726618022173,246.6981602417863
2019-07-16,25.262318843291773,4.099063494906201,68.12560941990021,123.12060320115292
2019-07-17,27.327736277774274,1.410207763234425,81.49848705578574,227.03994961380556
2019-07-18,26.05273650045478,3.7715046682335753,73.78656277018978,171.23524645892795
2019-07-19,25.239042591388326,4.1361701179332035,68.02740032823212,123.8230006696029
2019-07-20,26.35061587048617,3.64238744618351,75.26192027473991,189.03091141309156
2019-07-21,25.411047283490866,3.9905329991762177,67.5435183858509,139.59648254979317
2019-07-22,27.34647649263691,1.4536661432044153,81.27877438255351,234.87192518268589
2019-07-23,25.32490253807226,4.137038688723226,68.4093342499254,130.6597048237034
2019-07-24,27.740002170876984,1.8501449075233851,80.03231762924844,283.39754587126237
2019-07-25,27.39900824280093,1.6282982508700496,80.90864695034503,252.7043633881322
2019-07-26,27.47718078699928,1.0472375363609676,81.45799415591732,194.3527313741617
2019-07-27,27.46539078111466,1.1543225455696409,81.24250975689608,216.50480319436494
2019-07-28,27.348055993036702,1.2900474776319002,81.59160032227685,215.5483440491405
2019-07-29,27.419839781347918,1.5107820439546977,80.75375509756908,250.02051888467807
2019-07-30,27.38477059667383,1.3141184339350258,81.24623043914609,226.6339722104205
2019-07-31,27.43650292518852,1.3996156401421105,80.75707600967988,243.71360486959776
2019-08-01,27.390108727738163,1.218595895922122,81.49441139092251,212.59921440311538
2019-08-02,27.394498802246062,1.4317341090799098,80.97031771480812,240.47316156948622
2019-08-03,27.643377010180767,1.9020444101220555,80.34280798243232,279.94644538769376
2019-08-04,27.44582569341997,2.3368925111175725,79.42114704986533,262.47658009231515
2019-08-05,27.349571356456035,1.4441512965623027,81.22834031071706,234.64757998091133
2019-08-06,27.71140522196937,1.7862015785467453,79.80644584179674,281.27804843390174
2019-08-07,27.25882923664625,2.7109065534185244,78.97916217923154,250.44504248904752
2019-08-08,27.164402294601825,2.8080619689923028,78.67898125100699,243.23849588147243
2019-08-09,27.422831567877008,1.2191925276774769,81.27575703034096,219.86450246753705
2019-08-10,27.519208070518022,0.9965101602742318,81.32770226647956,190.74473286715963
2019-08-11,27.44428640588888,1.123220428791455,81.49529387106384,203.96457485855083
2019-08-12,27.32600941502652,1.3437976221653853,81.61622516757392,219.7139874578268
2019-08-13,27.389345955791953,1.637731746710152,80.98143829162666,251.77749660375196
2019-08-14,27.268353832756695,2.66058131317404,79.02297599121076,252.59351171647376
2019-08-15,25.30360167971586,4.143008558713546,68.17307756223911,130.5589063986589
2019-08-16,27.660257761633655,2.033779422827203,80.39280744938713,281.93838893415375
2019-08-17,25.62580576312297,3.929739083017142,70.59504679831454,147.78751150589665
2019-08-18,27.153369206891387,2.926697015868054,78.6557796537574,241.94393204545227
2019-08-19,27.73493713100327,1.9774743657694467,80.06752891864696,284.3321963862661
2019-08-20,27.499140321964553,1.0087943089996252,81.40557284496563,190.8976946987971
2019-08-21,27.61009577109298,0.9737001414022658,81.0599524834489,198.8312488388436
2019-08-22,27.67378328366816,0.9256898465783062,80.78605022138778,195.82562952136874
2019-08-23,27.36844697161075,1.4012685889707301,81.20081920540729,233.3267216744706
2019-08-24,27.341932692985363,1.438844133651242,81.32015308015778,232.46813540633426
2019-08-25,27.36704384790723,1.505993714433751,81.09583226814243,241.68674978419097
2019-08-26,27.357522814962365,1.3149582299872193,81.47102566717726,221.22468723074974
2019-08-27,25.288133977927757,4.136547386718073,68.09581907994131,129.21248057613826
2019-08-28,27.341124872445732,2.0603907266638464,78.23657836346415,253.99497330176277
2019-08-29,27.70995043236492,2.0849696814249405,80.12589370017457,284.85216377639017
2019-08-30,27.527937571680198,1.877367763349814,80.60713732551672,270.30612656986193
2019-08-31,27.419615810939952,1.6689136156938023,80.78369638807848,257.12116065623013
2019-09-01,27.532200390274483,1.8190431459888763,80.4180742492231,272.00088763572893
2019-09-02,27.37329185875391,1.257203956349546,81.47387713966401,216.2021419603263
2019-09-03,27.35173165284556,1.2302038383085345,81.86774527823096,204.9527008440795
2019-09-04,27.495949252674738,1.3673035634004003,80.49024851792473,248.1222815257924
2019-09-05,27.431741517924692,1.159198975522459,81.45720788601697,209.787301821544
2019-09-06,27.437677751783017,1.6707232269839354,80.71562764259076,258.29329474292183
2019-09-07,27.34585777438491,1.3630385078155283,81.42441014662904,225.45584518306651
2019-09-08,27.38390220231932,1.5093461490126645,80.93996172498419,245.48622097229338
2019-09-09,27.445239298170033,1.556166022275329,80.64168177841745,255.65569162777305
2019-09-10,25.91135848908202,3.753354913537033,72.37493127990555,165.29099400688378
2019-09-11,25.48954343947754,3.9383004556304533,69.1369366382559,138.86990941686682
2019-09-12,25.413887635482755,4.02590319111053,68.87521243626541,133.80617597733544
2019-09-13,27.620125573180477,0.956644004365063,81.00130072999563,195.85068285023206
2019-09-14,27.369474690369106,1.2969596314751988,81.38279921740865,221.57607213620835
2019-09-15,27.645400124695424,1.6617215298331058,79.942241620537,278.19553153165674
2019-09-16,27.59308292800176,0.9814638143390957,81.10875429878334,199.00483135092554
2019-09-17,27.39546289304761,1.3606205417287027,81.07141809009715,233.91878165847876
2019-09-18,27.52271702508005,2.410168091486398,79.60369934692073,271.0224425543471
2019-09-19,27.533640672704777,0.964328813205621,81.29313956680899,186.49027691475342
2019-09-20,27.35181207858297,1.421046425438509,81.26502792967531,232.46233750220242
2019-09-21,25.798993298942563,3.8099072201939124,71.8633101003751,158.90791822667092
2019-09-22,25.62814790821306,3.881209954803069,70.39643651440171,148.24288634326132
2019-09-23,27.587694149083806,0.953528694940481,81.08426381606417,190.60251577528945
2019-09-24,27.714846476385354,2.00599190717634,80.12909186128826,284.3990052632349
2019-09-25,27.068578082625905,2.893901985347597,78.25339690886442,235.9802114015525
2019-09-26,27.66605783166441,1.7950975907036966,80.11383258531065,281.35450275382993
2019-09-27,27.73644511357961,2.0339584656403606,80.12125404424356,285.00156175869887
2019-09-28,27.365085633908517,1.467132187642858,81.11642623610221,239.1532252539166
2019-09-29,25.922387122835485,3.822743950458725,72.71071414428289,167.30887741189085
2019-09-30,27.484642564750025,1.0578888075254862,81.42097975389923,198.26211451245774
2019-10-01,27.31045594275264,1.4326456643548375,81.63107472062877,226.07607908042482
2019-10-02,27.636292164446157,1.7222676635275431,80.03571816362762,278.8873083744952
2019-10-03,27.659414054926387,0.9290380182330968,80.83929761337403,194.63214779989192
2019-10-04,27.710367831761577,0.8893628058002624,80.59342238978643,191.2868457687842
2019-10-05,27.44191664626554,1.120485762966672,81.51077874346856,203.18036843088268
2019-10-06,27.32653090976051,1.5003938307329245,81.37002481972371,235.59953555534221
2019-10-07,27.448009150385783,1.111298450994662,81.49686972845906,203.27341858649106
2019-10-08,27.684209106158832,2.1079713542605947,79.85059307202485,280.9710786656
2019-10-09,27.539050321592562,0.9626406952529881,81.2513179703368,187.49258737522234
2019-10-10,26.598291891804955,3.451695482372542,76.44514699415924,205.91150042766907
2019-10-11,27.47866637253483,1.1164535696120088,81.31288588936988,211.62388990622034
2019-10-12,27.58050037228714,0.9242885878947709,81.0942962218814,184.64468168848995
2019-10-13,27.47854853355882,1.0295345005881285,81.46187905909589,192.00603410944478
2019-10-14,27.371936074250254,1.3629495192744647,81.21812875479597,230.4675393301607
2019-10-15,27.410653685967688,1.1834326334296053,81.47798929806693,210.9000916112042
2019-10-16,27.508020239616624,1.0215852128301177,81.36225667216385,193.67577730763588
2019-10-17,27.482463688997104,1.497942826984147,80.451328157857,256.90300343164836
2019-10-18,27.67598353841457,2.0122953509792696,80.38395444842045,282.25761054268514
2019-10-19,25.24610504008214,4.1246595123142615,68.14093836536267,122.55296710993264
2019-10-20,27.32252183945798,1.3514840296024893,81.64312588270914,219.37407424647617
2019-10-21,27.5213108472346,1.0353359850755963,81.31673264021151,200.23168204969943
2019-10-22,27.721637106447687,2.07696533089701,79.841045035007,281.0009015241619
2019-10-23,27.59123033641135,0.9162105243038837,81.04216685924712,184.75641988983213
2019-10-24,27.377235010493195,1.284036932240576,81.39719757760929,221.23406671480402
2019-10-25,26.558532817690494,3.4564866538429038,76.08211423782383,203.64132840525508
2019-10-26,27.685048740676866,2.00587965017444,80.2514198650897,283.44474471162624
2019-10-27,27.407333579181465,1.4703514058429334,80.84680698856162,245.79460918808917
2019-10-28,27.681979837064123,2.0302285846547403,79.87804948424156,279.39583953169864
2019-10-29,27.582593223042455,2.1687919136954372,79.6690078537709,271.83437963052353
2019-10-30,26.088840148450643,3.7378474613092796,74.2148791514165,174.66379362734153
2019-10-31,27.612920597863408,1.6541816604127233,80.07587101005814,275.5695774165527
2019-11-01,25.23776735987799,4.108838379919805,68.02370867493414,121.70791815006741
2019-11-02,27.403584874478188,1.1413302185743455,81.63885945616121,201.40179484871214
2019-11-03,27.680370304268717,2.03519648985436,79.84449035691215,277.986984288847
2019-11-04,27.313515683939602,1.541407068474806,81.4799914663575,236.21801412392668
2019-11-05,27.448305656664505,1.7728177730195052,80.8263573359633,261.49671656343924
2019-11-06,27.37087348737157,1.2740249220726405,81.51222023828589,217.24056964011194
2019-11-07,27.587750650709452,1.787822200200767,80.25138171275275,276.2748295105844
2019-11-08,27.428560120084313,1.6951169221675255,80.77075445187047,258.81588626090985
2019-11-09,27.66346639223955,1.9499898729749805,80.3215057080433,281.6903556592289
2019-11-10,27.72718368269852,1.8165853926102375,79.94880216369293,283.2262328751709
2019-11-11,27.54708755058467,1.6620535050491696,80.23501767780121,270.7134514983663
2019-11-12,25.334974843634907,4.135848977649285,68.46095933819319,131.35099407521574
2019-11-13,27.54001237629949,0.9806632727131995,81.24991462785641,190.93652469894613
2019-11-14,26.173724424044888,3.7310601756184116,74.48674109285011,178.27432760923915
2019-11-15,27.39896955700319,1.5163226019614822,80.87803550574334,247.48812911239895
2019-11-16,27.65777983448374,1.9655786760047445,80.27574612688029,281.7492034996375
2019-11-17,27.335124247095123,1.5219279919393007,81.2668990529825,238.64531466749182
2019-11-18,27.311171884522636,1.4340367985935811,81.61368720776896,226.48496430117265
2019-11-19,27.438174558869772,1.7180288959747618,80.80627925395078,259.1938315956942
2019-11-20,27.42965019424034,1.7428741058716928,80.86720024205319,258.8882270831054
2019-11-21,27.372809813353136,1.284911186929429,81.417874485432,220.3151964281714
2019-11-22,25.697174951667623,3.823342536054303,70.64896600319034,153.27653983062243
2019-11-23,27.574329987547763,0.9895891253390107,81.16237160255814,197.27609846757647
2019-11-24,27.69783923255433,2.0347748156098793,79.92234268862836,281.23492763008323
2019-11-25,27.4120988041227,1.4608960625167018,80.81986977988672,245.6169486394619
2019-11-26,27.47782801057593,1.7884190095779604,80.65954204849584,265.6318810815975
2019-11-27,27.581437484835003,2.2000874606556957,79.68401167497078,273.43699480105965
2019-11-28,25.426680417966665,4.0210793372218925,69.01808132651439,134.5951342041086
2019-11-29,27.398897784667913,1.1969631545954051,81.53074236847026,210.19930762677865
2019-11-30,27.689155798032882,2.027038674058009,79.91605916461454,280.686130294643
2019-12-01,27.668154500097135,2.1976316611172804,79.79763762835603,281.18620395866327
2019-12-02,27.38419234580236,1.164308445327324,81.67247000620563,203.04480031164076
2019-12-03,25.605431836841344,4.004209170249547,70.00528797393947,149.0397080883295
2019-12-04,27.53493461083442,1.6962648921094303,80.33213859846798,269.96342965530425
2019-12-05,26.516359317127012,3.48760138177162,76.0255807684692,199.96843592540114
2019-12-06,27.685848162326195,1.7433400079539483,79.99437098317127,281.8940624499653
2019-12-07,26.340228097513673,3.604854885987903,75.19474562097432,188.84571536215228
2019-12-08,27.370580798770252,1.2383030388981973,81.59894879413041,211.51062687382205
2019-12-09,27.4101388085412,1.1399214997735951,81.57984608490568,203.12689296035774
2019-12-10,27.73284198964151,0.8471889869659457,80.42817798332243,184.79400874842395
2019-12-11,27.459269262646114,1.573288767501951,80.54728792044307,258.3018231584797
2019-12-12,27.433076686970345,1.6670528493141956,80.72401286273065,258.2407058020807
2019-12-13,27.5592234380425,1.8881121083576806,80.4469422979065,274.1495164384982
2019-12-14,27.66811988648863,1.9985140277775773,80.27145150077898,282.51066157562013
2019-12-15,27.416385292316917,1.1348896507121329,81.55995544698334,203.2880640568669
2019-12-16,27.36426839643128,1.2585231537437176,81.61525145358338,213.03586573355884
2019-12-17,27.41068829957619,1.3187513443473284,81.0780300559681,231.32527452980062
2019-12-18,25.254994501927733,4.087673316893729,67.73668947355429,126.81115535230752
2019-12-19,27.440286752523956,1.8027387045719958,80.85156607789523,261.9923221178533
2019-12-20,27.588524366664235,2.331575934249074,79.6822118799457,275.2307280408226
2019-12-21,27.398989408925715,1.266527504271648,81.30323666571928,222.5192510667699
2019-12-22,26.06102175122253,3.7280544588681535,73.7539889684317,173.5359505636509
2019-12-23,27.36001728538105,1.231994266440115,81.7383060105839,207.54720088600342
2019-12-24,27.01572233890582,2.841860562900005,77.214966602108,234.94300713273046
2019-12-25,27.594447111395713,1.9474608932391235,80.4070266594839,277.18485223097304
2019-12-26,27.589390470412297,1.802488790645296,79.42101268728742,271.4343597066134
2019-12-27,27.711817022105826,1.9483593044980057,80.06448668447553,283.4326169855523
2019-12-28,27.670770881681065,1.9103933470165795,80.23089224902023,282.2879298578701
2019-12-29,25.844229976602676,3.8934040492563686,72.09622845857939,162.95920817144784
2019-12-30,27.4317481352322,1.6266234545553004,80.71579518111383,256.96348248667505
2019-12-31,27.55346078125035,1.866179718989498,80.40725225591102,273.82853950119295
2020-01-01,27.386176774519278,1.1570747959564303,81.7640588380165,199.79281439504658
2020-01-02,26.745440958860165,3.3989098244218425,77.29155327151626,214.83690397791605
2020-01-03,27.39085801055753,1.182012191587517,81.63599305449915,205.55740274137816
2020-01-04,27.712531436804863,2.164548350353018,79.85297344609027,282.6415310875381
2020-01-05,27.747653050915357,2.0251398966049736,79.97374549806356,284.51212645088384
2020-01-06,25.659967485877065,3.9155446114192145,70.6812312686584,150.76602961093872
2020-01-07,25.218810300938554,4.124716706546243,67.9795149983828,121.06647846267339
2020-01-08,27.68828027734721,1.9653406627412207,80.29686593357091,282.95761438098896
2020-01-09,27.74829620230277,0.8675892103556546,80.38486844570969,190.86530090415215
2020-01-10,27.685362044736184,0.9059137863289122,80.71333850237454,191.82963243296845
2020-01-11,27.423114330517063,2.1049040027323938,79.05196181449946,260.70756330013563
2020-01-12,27.576694147910906,1.6273206202712183,80.12964921716699,272.0305331883542
2020-01-13,27.52342711307802,1.8473777369021662,80.56249245611117,270.0370470802444
2020-01-14,27.441215720693346,1.0843674278488074,81.59218753650623,195.8089627633139
2020-01-15,25.79991119584747,3.777942038902696,71.5519032617061,159.39076661893554
2020-01-16,27.48189332799228,1.5331476529868606,80.46825120748454,258.7357439774972
2020-01-17,27.397438922874226,1.5441996390189237,80.88471382350461,249.06228668008606
2020-01-18,27.448198507185243,1.1016225013450744,81.48707950704153,201.93431549915834
2020-01-19,27.754754185406917,1.9935992315076536,79.9638773131749,283.29850277499173
2020-01-20,27.659614864758073,1.9889874580941265,80.31835399325284,281.72913246759697
2020-01-21,27.706516813303754,0.8512565270664605,80.53469764925381,183.31495808521152
2020-01-22,27.607714049413755,1.887191849612669,80.31838551040074,278.193332938041
2020-01-23,26.490419598951597,3.567137599080308,76.26895784338605,198.35606892834357
2020-01-24,27.110967281962964,2.9974613786848674,78.76727405266593,243.10207669373406
2020-01-25,27.56070775101891,1.9206550934893765,80.51561152800166,274.2387013246854
2020-01-26,27.3830926001969,1.5670471360988025,80.93030918373907,248.64888015795103
2020-01-27,27.53688620752562,0.9872379450634424,81.26363619877574,191.94206212746403
2020-01-28,27.46607618146539,1.0872221660363826,81.45418887500716,200.54694973584128
2020-01-29,27.523319200063273,1.6128945297959512,80.34084894287047,266.4835524182005
2020-01-30,27.700398348977135,2.0623387053661326,79.82201531286162,278.53071067449605
2020-01-31,27.440707715086194,1.0741591455493842,81.6228155690805,193.8499449293091
2020-02-01,27.359979108606964,1.3617162908501033,81.28969258610658,228.23330722112667
2020-02-02,27.396392370240655,1.1518710089553479,81.6681753801043,201.6371152879717
2020-02-03,27.448086012957607,1.1067310830407475,81.48530459397533,202.43655229560702
2020-02-04,27.047412115537938,3.1489731621267634,78.43011521596297,235.39352378742805
2020-02-05,27.42995993513408,1.1400424602455799,81.49496211161221,205.67779347243396
2020-02-06,27.60018838919438,0.9477590047620955,81.0434839442701,190.72519375292936
2020-02-07,27.422475505830715,1.17329220267247,81.46361084343339,211.08119189500448
2020-02-08,27.407714074363174,1.7626862233542926,80.99258540920137,258.009215171055
2020-02-09,27.415177888208532,1.6397445573834724,80.80266805231982,255.18522805519066
2020-02-10,27.43046259599286,1.6507446778387074,80.75399728196876,257.124990464464
2020-02-11,27.371953381054503,1.3089134035810743,81.33927901254411,223.80229001690105
2020-02-12,27.330435375702056,1.5500853162578172,81.3042070621153,239.68680973998335
2020-02-13,27.681417620437767,1.6235887854453748,79.81244239388491,279.4107509609796
2020-02-14,27.46815554309386,1.0842200017228936,81.4716825508915,200.4586513793379
2020-02-15,27.341083641529725,1.4710137576785152,81.24705320258613,235.81345516803563
2020-02-16,27.713446406823756,1.9346358860156483,80.05063406857282,283.33112706735443
2020-02-17,27.506060753058776,1.7075801137060767,80.42782797710096,267.5524057967331
2020-02-18,25.83615622516336,3.772071281898232,71.95089708380071,161.26777159189493
2020-02-19,27.43700024129893,1.6067456169924743,80.70986000452422,256.50332038901803
2020-02-20,27.346764600025338,1.4128964250030493,81.32299128226646,231.02045016333358
2020-02-21,27.598607107211798,0.9556399081123028,81.0586801859519,192.74795307119717
2020-02-22,27.59301293724927,0.9326984490798834,81.05304359286875,187.09754974813498
2020-02-23,27.409831612765732,1.1233582633380925,81.66209754695048,198.73025537726866
2020-02-24,27.374475338750532,1.1864671249176924,81.69278695502331,204.7517422953628
2020-02-25,27.4055833013456,1.1278185253234212,81.74275490483022,197.313758248543
2020-02-26,27.53957257986204,1.783582722160632,80.39134604900272,271.9776073662332
2020-02-27,27.521709667267867,1.8407723359738712,80.52126636785465,269.8925072806028
2020-02-28,27.536632204722043,1.0400807972461226,81.2794130194979,204.19998395077877
2020-02-29,27.229598553288834,2.743061434833206,78.88134788131087,248.61964240898035
2020-03-01,27.45908117840579,1.7009946064236885,80.70838367496447,260.8050815653502
2020-03-02,26.467488083318134,3.52190797413729,75.62008114352817,197.4704966966333
2020-03-03,27.379543687277998,1.5417992574941042,80.96825582981624,246.053511316937
2020-03-04,27.36524088612313,1.3862906274433975,81.21040041837028,231.89623510733503
2020-03-05,27.444278770534066,1.6385409918061322,80.65668062322554,258.4928703053319
2020-03-06,27.509053048611523,1.8974514646234042,80.6766774241724,269.6675060468623
2020-03-07,27.548533432275168,1.9140461401243127,80.48713993186296,273.4447253399021
2020-03-08,25.894459794545313,3.760860146698917,72.12897477525229,164.84559262846153
2020-03-09,27.65344677062514,1.9118201832448518,80.2450318368486,281.32320825599294
2020-03-10,27.692419657705287,2.1085095484310994,79.7851601553803,279.31919017524
2020-03-11,27.508703094849082,1.820315984083212,80.61688773580006,268.2860445712391
2020-03-12,27.543765153192005,1.7715325013964778,80.37731594179337,272.18191699715453
2020-03-13,27.367895189969317,1.4434358357970243,81.0936658789233,237.83853719407492
2020-03-14,27.693425233934672,2.1069091756666607,79.91066807352558,283.0121891483218
2020-03-15,27.34058683444297,1.3085023866468999,81.56614773714797,218.12826954306328
2020-03-16,27.229455772153756,2.6189645164251036,78.81832353828514,247.40394425362828
2020-03-17,25.552835949696863,3.935349446406438,69.69275066493906,143.6254230812423
2020-03-18,27.34789005132535,1.4628799208303547,81.25375971990078,235.87090229154384
2020-03-19,27.352336372947065,1.3679822564451194,81.37244334612609,226.68035544347526
2020-03-20,27.353448335120234,1.2364163397301766,81.79238611879371,206.89287105700737
2020-03-21,27.457466555373838,1.7904089070341207,80.7557755126295,263.0190121446259
2020-03-22,27.68650607539959,0.8631676699311082,80.64020710765497,183.42148349201318
2020-03-23,27.601548245887273,1.7495502002916907,80.2023509833967,276.7452753525731
2020-03-24,27.38784662661774,1.6290694848926013,80.96664182008406,251.14116332733647
2020-03-25,27.37028327444422,1.303659527221549,81.36468183375526,222.69765630033152
2020-03-26,27.308509690809807,2.676769589908574,79.11793549905016,253.59103491665036
2020-03-27,27.37729863845,2.5393263441811453,79.23872082140151,256.8385349930447
2020-03-28,27.706745619436433,0.8922187873407069,80.60019360019415,191.88055469800415
2020-03-29,27.34223530754794,1.308086396301249,81.59061167911099,217.3334956815646
2020-03-30,26.04209230681635,3.7543520825380936,73.66070235762713,171.24625715760035
2020-03-31,27.390178973002477,1.5434770733801073,80.93696261954146,247.45291615335964
2020-04-01,27.676597166430025,0.894062324401984,80.72277374117881,188.15860166545048
2020-04-02,27.623959284834047,0.9076832550835553,80.91718477983268,186.09236693149063
2020-04-03,27.647996399845002,1.9870266906194725,80.32258392626109,281.1389519265184
2020-04-04,27.134364299728432,2.7789881159873824,78.55031995927399,242.31732061766198
2020-04-05,27.366181307324744,1.3623861028028998,81.27950425334708,228.918045018276
2020-04-06,27.338389633838492,1.4618474050834422,81.30634193418652,234.009597759284
2020-04-07,27.626289849636,0.8991309411840054,80.90080747450307,184.76496603598366
2020-04-08,27.72001306647813,1.9605990477637862,80.27215814841094,284.13882653164245
2020-04-09,25.95154883348772,3.7714066209787505,72.99222779756298,167.89235578856008
2020-04-10,27.344771263394463,1.4932907334132917,81.23590774380868,237.86821820788748
2020-04-11,26.266918510798213,3.6610313448346217,74.9287516748414,184.85587078975732
2020-04-12,27.37843554278224,1.602629053264547,81.01480002208235,248.42992505665381
2020-04-13,27.498735902671083,1.819858074983687,80.54984578581514,268.297463073566
2020-04-14,27.418820461479857,1.4974083628722494,80.76629560484061,249.20413142948908
2020-04-15,27.746924383554,1.9800772361900993,80.03223800698005,283.76581030189993
2020-04-16,27.66912698978898,0.8829545651126477,80.72157277196393,185.9186425746593
2020-04-17,27.38885372991809,1.2012200395757084,81.5779036333164,209.53829336396703
2020-04-18,27.369019114198366,1.428356274578098,81.11599992520688,236.67205916676565
2020-04-19,27.375868536492792,1.1717882785663103,81.73320852660963,202.42320115856947
2020-04-20,27.628048017338504,1.8742334483885177,80.28485955901651,279.52656719886716
2020-04-21,27.753923204291006,1.9136296169131466,80.03651106871702,283.1834844138196
2020-04-22,27.73430416008895,0.8697261786940518,80.46462839427278,189.25137361485116
2020-04-23,27.45825477850277,1.3075307951905761,80.79673121693293,237.16835621433307
2020-04-24,27.369762288733877,1.5997197851725673,81.07950306793332,247.38089448185028
2020-04-25,27.714198234761398,0.870162773172963,80.54808082553247,187.35379228793153
2020-04-26,27.34931608109332,1.5568404523959254,81.17871241434807,242.87260735038737
2020-04-27,27.615498802673255,0.9682887144720348,81.03449492192824,198.23128101005628
2020-04-28,27.467871507894674,1.6783458681810357,80.64886602934246,261.39141456760115
2020-04-29,26.794496204720133,3.2014497580785584,76.35793241071808,221.08869357725962
2020-04-30,25.32865175179919,4.117223551669373,68.51578590516918,129.35708243285777
2020-05-01,27.376987879508953,1.2410982737698917,81.52066185753255,213.92996638082698
2020-05-02,27.351433874007704,1.3519286170641307,81.41222628076802,225.17595003130708
2020-05-03,27.668591242392665,2.0494717793887833,79.84958784088641,278.58666842813557
2020-05-04,27.35274766405987,1.5417004997519261,81.17958162411134,242.06088304133502
2020-05-05,27.521087640362115,1.0538463121041928,81.30897112784066,204.34165139424502
2020-05-06,27.312475239589887,1.488491924203876,81.47677174087946,232.59279921046584
2020-05-07,27.605592947845615,1.8499415305183597,80.27868053922994,277.9235442246765
2020-05-08,27.49114483291211,2.077248815351177,79.40144883242492,264.9809200653998
2020-05-09,27.654931592625204,1.872887785340417,80.26685165598215,280.8348899755794
2020-05-10,27.430881013436828,1.3040236519903725,80.97178077398979,232.86652411562625
2020-05-11,27.54452105331888,1.9142734960775294,80.54267646406545,272.7661755199455
2020-05-12,27.630592372075327,1.8902609773592538,79.68111043856631,275.1346636842894
2020-05-13,25.51572316230603,3.9647877794238586,69.6269378837224,140.32433228546415
2020-05-14,27.353683504048593,1.2519449289567057,81.68353750151192,210.85273319549725
2020-05-15,27.506749207551433,1.1025109657810035,81.16992078887994,215.11699416620596
2020-05-16,27.646174349673856,0.9157703773882035,80.85917166332379,189.33525705352938
2020-05-17,27.309615290187295,1.4099599807697867,81.62898297728626,224.13314289488355
2020-05-18,27.44203524877703,1.5136493932928032,80.66445042958266,252.86181105996954
2020-05-19,25.487858062157617,3.9374482260495682,68.95628698165558,138.84700148983822
2020-05-20,26.05786682261218,3.757516593211927,73.75018949331194,172.35335542669077
2020-05-21,27.42469535798782,1.7253401660890586,80.86881259298809,257.97765471431285
2020-05-22,27.68920313723275,0.9151264982238206,80.71846916229396,194.44610068045623
2020-05-23,26.93386802661475,3.03261487197627,77.65683701573099,226.71812160800383
2020-05-24,26.180234836585445,3.7288072202195064,74.51763702118156,178.89775301345904
2020-05-25,27.40645373179473,1.61839672148563,80.83597338366872,252.89672259891637
2020-05-26,25.463652587572955,3.968512864619841,69.07069671674527,137.02440284357172
2020-05-27,27.0342910127969,3.1031392676893366,78.21849249695867,233.31739538219736
2020-05-28,27.38086256756671,1.2842955496373598,81.39220625665955,221.38796826790627
2020-05-29,26.172813271703404,3.6821686988539,74.23079779930421,180.3383814801769
2020-05-30,27.3416086994293,1.2619313615799044,81.78489996676775,209.2876714223656
2020-05-31,27.603584340505115,1.9382149660604246,80.3725601700543,278.1358858145328
2020-06-01,27.3243184384464,1.4569805667099005,81.44049052724945,231.4623142883176
2020-06-02,27.71184145524124,1.9891679218819922,80.01487039968735,282.96303994265367
2020-06-03,27.33665437220043,1.2880316473873261,81.66430042970929,214.24340781582023
2020-06-04,27.464704108204792,1.1017438170607363,81.44774113006477,203.51994476095345
2020-06-05,26.02494673580723,3.793070090883519,73.52487008534719,173.03789818730965
2020-06-06,27.46088770335547,1.0857333397864912,81.47115837095792,200.9366327236387
2020-06-07,27.395607710277304,1.4968918385660355,80.92872171476303,245.22613089366928
2020-06-08,27.315848539347996,1.411818260443655,81.53441494559978,226.11437716276362
2020-06-09,25.444807513837503,4.060032516881426,69.2652835879085,136.1271550159262
2020-06-10,27.63775026270436,1.9410164176964646,80.34021859991236,280.21745751202184
2020-06-11,27.33091309440177,1.503991205827061,81.32670367053016,236.68876138600785
2020-06-12,27.397098386049393,1.1559781587258373,81.68429723065616,201.79305585934662
2020-06-13,27.352749445642658,1.2381927357365194,81.80073816298845,206.9895027925382
2020-06-14,27.490831019829134,1.0457302374398771,81.41523368019702,195.67451167147354
2020-06-15,27.739365636797082,0.8515817526526632,80.40834042691235,186.20798813284776
2020-06-16,27.52755020467915,1.7702898590146787,80.42979199305461,270.7534339871043
2020-06-17,27.546446944315534,2.170324612539426,79.60566170407711,270.82215776819004
2020-06-18,27.404538530294822,1.1287819461751762,81.70804457220368,198.24324916078714
2020-06-19,26.492496669973626,3.507994855531468,75.85707184900119,199.15557685835358
2020-06-20,26.380912194864198,3.7213129996116057,75.65957710624446,189.1427737285895
2020-06-21,27.423368842344296,1.6911817103366562,80.83009294738861,257.44841422369655
2020-06-22,27.408461321087923,1.1219790297625247,81.68352754872838,197.97562357985106
2020-06-23,25.366642986761708,4.0340542572770195,67.64584958870547,136.4776445264042
2020-06-24,27.385319069661513,1.2558757002416139,81.44912954336984,217.62041214841952
2020-06-25,27.45831916999506,1.0482347053620282,81.56660722398847,191.86064324130672
2020-06-26,27.3460501853263,1.5133886444339577,81.19809877790394,239.4733688533192
2020-06-27,27.582396485400007,0.9847560351147744,81.13763727664205,196.84253226043253
2020-06-28,27.66600463869252,1.841814798543737,79.75519564170928,277.22373542290313
2020-06-29,27.44734309293392,1.1052440330092403,81.4861256986181,202.763610826543
2020-06-30,27.6658829820391,2.2334181986409196,79.79243895774901,281.12389865248804
2020-07-01,27.493945226547122,1.628622233103383,80.42502626853197,264.3364839076746
2020-07-02,27.588107730803056,1.9056426733253844,80.34085226046498,277.03483367788573
2020-07-03,27.51224386338951,1.719197825293604,80.39976112749326,268.63218122096976
2020-07-04,27.404018562631787,1.1221923535905036,81.67740990444035,198.22856822922395
2020-07-05,27.39985703974474,1.4978801264751738,80.86932682013811,246.51078332782492
2020-07-06,27.3660107844005,1.2160194911553983,81.6535497646793,208.53922760214064
2020-07-07,27.350818973433114,1.3603471817193276,81.37566141280686,225.86019137183348
2020-07-08,27.33645992516443,1.4541592214279537,81.31426434989139,233.36404457415728
2020-07-09,27.180232930255556,2.945121729170517,78.86923534373194,245.05449874689168
2020-07-10,27.361023879657747,1.260071128065813,81.60407447765805,213.22347314523796
2020-07-11,27.67491128008645,2.064859692119259,79.88747477026229,280.3271389644977
2020-07-12,27.406622218624356,1.2268354177641605,81.38381771892514,217.26791021555937
2020-07-13,27.533870496884767,1.0177164315668288,81.29210447731991,197.66911480698485
2020-07-14,27.468485644933782,1.0962734196801398,81.42868984355505,204.39494955883322
2020-07-15,27.33403722708102,1.5101736891580049,81.33334051835999,237.0245433690321
2020-07-16,27.60244819970836,2.1974124757686324,79.72644205003671,275.7845608648666
2020-07-17,27.504714640004554,1.0330588731066617,81.36018317559119,196.99967851217738
2020-07-18,27.526458603452163,1.0138908124102834,81.29750883878692,195.1991721856304
2020-07-19,27.395841097622874,1.199899243584991,81.5468642190221,209.56251335492757
2020-07-20,27.47158687154858,1.1654864333599273,81.15365628176389,219.66287015626065
2020-07-21,27.626584065308275,1.8483068767391002,80.2072842464424,279.58197530410274
2020-07-22,27.684878726776276,2.06352077870102,79.92523728984382,281.6152843256074
2020-07-23,27.41835063264679,1.25396875218401,81.20216117238913,224.14823163010132
2020-07-24,27.46218240502059,1.605857152556545,80.56993382061118,259.57550035515027
2020-07-25,27.66118469370843,1.914736023344854,80.27362784278165,281.5743798459983
2020-07-26,27.39918945522192,1.3462930313737755,81.0832320441696,232.8439530698775
2020-07-27,27.69168691815469,1.9787956946256795,80.28523776479136,283.22103781122405
2020-07-28,27.381582581525944,1.6362196519994234,80.97053004085716,251.07442537274233
2020-07-29,27.313221468267326,1.4295358612072473,81.5357137838529,227.1304997557057
2020-07-30,27.546834820340234,0.9957801345182006,81.23262332523757,194.25840461580867
2020-07-31,25.793192719888154,3.8167641336454525,72.04396307456996,157.8775579670075
2020-08-01,27.322581904249205,1.4131188075447891,81.53091820097961,226.635692078007
2020-08-02,27.728565681920383,1.9335140264839954,80.14618410823613,284.298721025407
2020-08-03,27.622848849731845,1.9552551171321668,80.38690544874268,279.1284444484803
2020-08-04,27.527491921470716,2.1478765869742222,79.58201057277059,267.4581676913485
2020-08-05,25.851062601116507,3.768961478750642,72.02092569824893,162.17095916842172
2020-08-06,25.33802020490363,4.048288160923083,68.25735690393199,128.75824049676885
2020-08-07,27.492126739541565,1.0248664210518126,81.42449806288374,192.54876758184798
2020-08-08,27.33266057260753,1.294833498068947,81.71656083732695,213.40170107286283
2020-08-09,27.68474688964977,2.005323871441928,80.23232876744578,283.3646024282135
2020-08-10,27.380292970097365,1.5135652005413776,80.96731695056813,244.78194406091382
2020-08-11,27.706517576839236,2.0368059213325598,80.29470617954081,284.12627327132026
2020-08-12,27.59766388638008,1.9694977242483145,80.37175731218136,277.9812395764962
2020-08-13,27.40786779950682,1.3639008618412052,80.97637895998936,236.27030164467536
2020-08-14,25.285161788809358,4.078257227993794,67.72104203901827,129.66803271943968
2020-08-15,26.380934210137255,3.6912579635710854,75.74658102243383,190.16820488321113
2020-08-16,27.650910814778616,1.9527300450767553,80.30928700743985,281.05583090336825
2020-08-17,27.395450676479904,1.715785532155133,80.99962202717039,254.88501364307922
2020-08-18,27.328831442166848,1.6320389667878155,81.35810138503221,244.26394476668773
2020-08-19,27.699433240128275,1.9482818613764412,79.92350716430357,280.4347104763262
2020-08-20,27.376016153352584,1.6284947006233756,81.04315550241299,249.15179071695937
2020-08-21,27.424678051183566,1.1808018763803159,81.42999863459171,212.7133107734164
2020-08-22,25.801973759695343,3.775422295502438,71.15978266605059,160.26331572959128
2020-08-23,27.728830119708874,1.9999360682162113,79.90014134612544,280.313468676774
2020-08-24,26.88927068266464,3.1677712365336497,77.69573912902885,225.3062344336337
2020-08-25,27.52514837656558,1.6935138850755103,80.3960105868926,268.7223058286217
2020-08-26,25.684833164141565,3.8234217553942518,70.03120004590886,153.34735582176185
2020-08-27,27.664596933776107,1.8096592066417014,80.07265460217461,281.6361532343633
2020-08-28,27.57212489707664,0.9323320152271601,81.123512617989,185.47833874191872
2020-08-29,27.514017301801655,1.804430907826913,80.56410480704609,268.61338679167386
2020-08-30,27.311638150190124,1.4413613903457616,81.52708969690784,228.3359673585071
2020-08-31,27.56878748348617,0.9661219056647781,81.15641486160418,190.88267688595403
2020-09-01,27.345444447177492,1.3900343629324172,81.36639868891743,228.75258311809736
2020-09-02,27.520491319150917,1.874909121861983,80.55175174386473,270.70155427001015
2020-09-03,27.626811089858165,2.115715311173356,79.77573652815681,276.3575072688927
2020-09-04,27.498159942406062,1.796758710136885,80.62513195817301,266.47199207112413
2020-09-05,27.714796337555388,2.0426896447312304,80.00950750815178,283.9054564576872
2020-09-06,27.74474703487204,1.9306251849034377,80.03530014671858,283.1173492994104
2020-09-07,27.65524922338559,0.9333757211498949,80.85975224236414,195.2593498205646
2020-09-08,25.303315226654313,4.134083771818765,68.3133048178545,128.79298359507573
2020-09-09,27.410234759500067,1.3332854289003733,81.04357517811928,233.01400719381803
2020-09-10,27.723390183913654,2.069595623197863,80.10843154143814,284.9293095894717
2020-09-11,27.514626603116046,1.5130882859051382,80.31450724241122,261.21245968563557
2020-09-12,27.46882745431775,1.048479113011736,81.50220442044125,193.68366742182138
2020-09-13,27.707024055375424,2.0422951466280317,80.1887272815156,284.5343251541654
2020-09-14,26.740129933305436,3.3046491119492902,76.97456540947226,213.95287430785555
2020-09-15,27.187035522373776,2.565160019609053,78.36420124811357,244.60385797803835
2020-09-16,27.617600815854352,1.7820796861636645,80.15148894186764,278.44510736823133
2020-09-17,27.7098969848812,2.032764491642297,80.21084070776385,284.62352777094617
2020-09-18,27.690921092066553,1.9170573631515628,79.87053845025669,279.6723481400661
2020-09-19,25.860649679880538,3.7998019585607903,72.31689328143779,162.82618439239835
2020-09-20,27.614120112105144,1.9627743824192887,80.4158315553301,278.49613601682904
2020-09-21,26.434545981240127,3.583281292733391,75.92312349702301,195.1914771079753
2020-09-22,27.366481122257223,1.2178576995615218,81.69218315282134,207.02388241367476
2020-09-23,27.49381058979052,1.0874823820297126,81.32445102385363,208.4797237297661
2020-09-24,27.729530027233757,0.8542293837766055,80.45503722852621,185.68454554636332
2020-09-25,27.698062948450467,2.1144243556514986,79.93349146500033,283.4282197983208
2020-09-26,27.40668355597472,1.1921925872583037,81.51251384540058,210.44785508892008
2020-09-27,27.372597550489225,1.269269807835484,81.48341356510105,217.33477228430925
2020-09-28,27.310481902959015,1.4072935217309688,81.60935277053345,224.50729388262133
2020-09-29,27.390548778687446,1.526891101349283,80.92624015406486,246.5617233234543
2020-09-30,27.363351899341424,1.4002383823077178,81.19827129281879,233.01017738558414
2020-10-01,27.487573268440585,1.0654800096571808,81.42069444077083,200.2530296844846
2020-10-02,27.604104308168147,0.9537599585741434,81.04119812164838,192.36318145784784
2020-10-03,27.317064596858504,1.3899453743913537,81.57731641908703,223.81009147811824
2020-10-04,27.414088068564332,1.2337234150374297,81.30397980689092,220.03088635858674
2020-10-05,27.59751957817404,1.9208435502599723,80.37950721297139,277.6079573878485
2020-10-06,27.422971549381987,1.163502752668113,81.46159540476475,209.8899087671434
2020-10-07,27.378568143444223,1.6557529031956562,81.05841975478238,250.9599743905678
2020-10-08,27.593726333900996,2.0728537405805594,79.72188035757682,273.39263285568387
2020-10-09,27.42150454320983,1.1561639511688564,81.51373306138531,206.87719721219835
2020-10-10,27.407022056704935,1.5398093600379443,80.84797975822313,249.7215810753112
2020-10-11,27.591939915385666,0.9942305615995588,81.13082625510013,202.83875308253923
2020-10-12,27.564140606544594,1.7523321135255014,80.31560370739885,273.7138757518943
2020-10-13,26.302986145370518,3.6852440433648304,75.06274351156343,186.0971187305956
2020-10-14,27.597581424548057,1.7857887853941863,80.20613304114525,277.13612855955313
2020-10-15,27.681452488558097,2.0027698470268493,80.36329081097581,282.5423638771117
2020-10-16,27.344245696471233,1.3180882820243929,81.54212835285011,219.65184172699458
2020-10-17,27.46502784724903,1.7415701839556283,80.6650708197572,263.5094226350931
2020-10-18,27.350911870250055,1.2372996531327909,81.78061363465271,207.14987601233193
2020-10-19,27.652284669622006,2.2133254386535683,79.76628967777172,279.79291617705866
2020-10-20,27.60657841764065,0.9547789750613335,81.03566105640071,193.51981900566727
2020-10-21,27.42241696811045,1.109776764704657,81.61317132182168,198.84116024070815
2020-10-22,27.40346805354949,1.6877710157947308,80.90517508768374,255.02120233309978
2020-10-23,27.53737614279304,0.9507878123513522,81.2776298124454,185.08221954861716
2020-10-24,27.374557037047072,1.3270556981604016,81.30251674770925,226.0169652811111
2020-10-25,27.462712553156713,1.6938227694525754,80.64541904864004,262.3734057677181
2020-10-26,27.498510659703985,1.0336858781963918,81.38138426334746,195.40904922296582
2020-10-27,27.64011085990192,1.9335946667986517,80.32010236556293,280.5335939972538
2020-10-28,27.612193966596664,0.975861976798046,81.05556330590386,200.65851063124674
2020-10-29,27.320878456589554,1.4106630080063736,81.57205637298146,225.60536727953095
2020-10-30,26.09532638236761,3.7650882569413913,73.46738031937325,178.9192779541809
2020-10-31,27.647323725085634,1.9118640558389493,80.24701575836933,281.07171751530143
2020-11-01,27.398904656487247,1.5863389992165808,80.86345136024978,251.2562348802896
2020-11-02,27.710811954900095,1.979436021353293,79.99223279350552,282.2816709583027
2020-11-03,27.37996566788755,1.406848756647489,81.06139397826621,236.47370701531923
2020-11-04,27.343552151742035,1.2509534438544754,81.76120902432702,208.95344973158478
2020-11-05,27.393679528674205,1.295799583248279,81.25168622332811,225.5825302748771
2020-11-06,27.662911301944362,2.0068139410446886,80.39343281595346,281.64455753576544
2020-11-07,27.40328047833282,1.6180864161338573,80.84962694390046,252.8861728956795
2020-11-08,27.371403380995858,1.2495791836903845,81.5172994754903,214.96397914278748
2020-11-09,27.517751244818953,0.9795355516608778,81.3470305721314,187.60358089163017
2020-11-10,27.362259534578953,1.3719110738898044,81.24858759004991,229.97301534196077
2020-11-11,27.716175282635323,2.073321596503038,80.18628055555985,285.03404420631216
2020-11-12,27.33570529759669,1.4489120946982896,81.31825707489172,233.15650797518703
2020-11-13,27.67083171000777,0.9005467648582938,80.74595709165857,189.36947709932284
2020-11-14,27.409357202719775,2.457611417402024,79.35492122813139,261.0487885754182
2020-11-15,27.33749731537222,1.6075296397873946,81.27669756838633,243.9290315827536
2020-11-16,27.437471088179304,1.1274728732257966,81.47871087487422,205.4027742339352
2020-11-17,27.500123501153144,1.8590826608123727,80.69418934682658,268.1635616301296
2020-11-18,25.9538488568704,3.8292633824172095,72.94168507450613,169.4055555751913
2020-11-19,27.401857248194947,1.5809218883875196,80.82859173587,251.4495692737259
2020-11-20,25.860074228639167,3.7884892236698824,72.24446106976254,162.48490592533474
2020-11-21,27.673065560315372,1.9456534134110517,80.26003897564298,282.43569662556064
2020-11-22,27.655282564434955,2.0486659091077337,80.41105090163214,281.9048603815136
2020-11-23,27.596851739139385,0.9492375289453568,81.05130351454495,190.9676064296591
2020-11-24,27.30822820072889,1.5017213763535031,81.53256041026518,232.53208965772134
2020-11-25,27.729934701039056,2.0273875233487253,79.8853465333801,281.24916529680456
2020-11-26,27.375305810842786,1.3826541755448019,81.17145019995195,232.84072610182858
2020-11-27,27.50648324269198,1.683140059222651,80.38878652483342,267.4258270884846
2020-11-28,27.406318076990818,1.3258306403406088,81.08087489326579,231.59426536644975
2020-11-29,27.677809915286776,1.9616663773910352,80.31162259397931,282.39555456147957
2020-11-30,25.24601914234045,4.111735747348609,68.0556463279437,122.84359813616254
2020-12-01,27.471574145957224,1.7693552129007524,80.63232782067881,264.25666077494805
2020-12-02,27.45450403770488,1.6189258569423741,80.60397565794271,259.62874532795746
2020-12-03,27.400753939423904,1.5212501870037742,80.84036587880827,248.10554384536283
2020-12-04,27.258342864544414,2.8511679472348073,79.16076564425529,252.34627631826433
2020-12-05,27.52751660911796,1.8103307948128828,80.44720438787327,270.71658981344683
2020-12-06,27.558029014037306,0.9687892528127883,81.1878888807801,190.36442936341652
2020-12-07,27.611135197395384,0.9626195582542125,81.03531602657101,195.6295291553191
2020-12-08,27.45084161251103,1.517090638790942,80.62670615677098,254.02848412380922
2020-12-09,25.271792028013117,4.111900225171014,67.864349681142,128.28013503831235
2020-12-10,26.644684689440265,3.3745170173474444,76.55006094434474,208.3533577886417
2020-12-11,27.424692049334066,1.6356883850806183,80.7973980534307,255.77824549125728
2020-12-12,27.483432615523373,1.9139562634740568,79.06660401789706,263.805842700158
2020-12-13,27.31281297678462,1.469598822113419,81.51403993887806,230.49745084169103
2020-12-14,27.33171989689409,1.3879977509327446,81.45492372219252,226.29842072511403
2020-12-15,27.421752183217727,1.1698328397468094,81.44468728431254,211.00569502713472
2020-12-16,27.591640863988673,1.93004258527332,80.37543984209442,277.30676779308493
2020-12-17,27.66836345430729,0.9161449818454953,80.78380586869751,192.86398207620883
2020-12-18,27.38648982406677,1.6469570697555906,81.00256141591181,251.37222842411396
2020-12-19,25.29155512590939,4.132420876167192,68.03213287680958,129.91980714962997
2020-12-20,27.395573605692455,1.3918155547283981,81.02175701778299,237.10243386704803
2020-12-21,27.37541117873926,1.2293757652976787,81.60104551386468,211.22450828368252
2020-12-22,27.7012560538349,2.053073595028881,79.83638049711712,278.92177664860014
2020-12-23,27.609073906106648,1.9231441083115821,80.3509277950109,278.30317396585997
2020-12-24,27.468875811564924,1.7747597125792838,80.67838764414554,264.44460506790705
2020-12-25,27.657096470227625,0.8601575126348885,80.74905738373403,180.96558350084962
2020-12-26,27.662571274143183,0.9246138134809736,80.82242930405602,193.39490697322427
2020-12-27,27.60095650588896,0.9233333376475844,81.01367038114957,186.73283143623254
2020-12-28,27.40314635059987,1.5864846491241105,80.8491973154106,251.9363981842707
2020-12-29,27.559703956372314,2.1478073144572267,79.63504729750504,271.03499581466923
2020-12-30,27.42270482098705,1.564019927106092,80.77135493647793,252.70000166208806
2020-12-31,27.380214580454577,1.6300233141650802,80.99932178486667,250.31094600908068
2021-01-01,27.736504160323527,1.925771135302264,80.0119990216335,282.524704205811
2021-01-02,27.36858059032005,1.3848607716438714,81.21097602101887,231.78245788772014
2021-01-03,27.465737680735174,2.5639997937602943,79.60684608531943,267.9832769536384
2021-01-04,25.39735467444178,4.057809046707703,68.88821823616786,133.005107755082
2021-01-05,27.665842260146746,2.0785884392567704,79.81907592412021,278.0359561885784
2021-01-06,26.072873730737083,3.7267812655301404,73.81306205638855,174.38916446190365
2021-01-07,27.370418929248135,1.2782906881448661,81.46583694935381,218.15857112765448
2021-01-08,27.636363427757782,1.9634045847021109,80.40791743361153,279.6366209938102
2021-01-09,27.52213139336559,1.6300179855099266,80.31242047546048,267.39024178697815
2021-01-10,27.44363409207569,1.1436622156913612,81.41411399204779,209.98017521954472
2021-01-11,27.517230513620436,1.0425101311306093,81.33239998031462,200.6697872888243
2021-01-12,27.4249297633807,1.0879422449694607,81.67131216571944,194.51900888164934
2021-01-13,27.42120040157629,1.6825041730409986,80.8573602567179,255.99579987565411
2021-01-14,25.756105001912303,3.8279479150816456,71.49444667167734,156.33498745195305
2021-01-15,27.137522027968878,2.686901317195625,78.34377150108233,241.754693419155
2021-01-16,27.39774102841315,1.276452657360581,81.27340651462617,223.3563478553717
2021-01-17,27.324436277422407,1.3988108355920916,81.5318819621866,225.34784813698982
2021-01-18,27.372174042808716,1.3121157477064973,81.3449504403697,223.64193452770095
2021-01-19,27.541726258944063,1.0130678904327426,81.2555462445478,197.28203821645775
2021-01-20,27.473446080446504,1.1074637731243555,81.39627694513102,207.7764220010387
2021-01-21,25.61255994958659,3.868742677962233,70.08106680908303,147.2646717595972
2021-01-22,27.373358795364474,1.4276381494852428,81.1005930162733,237.1326467986709
2021-01-23,27.50489992461478,1.0260000036248031,81.3685634193393,195.47617725062076
2021-01-24,27.539502334597724,1.8669871878670936,80.52916721919517,271.77929067597415
2021-01-25,27.67877018841092,2.199564541963298,79.8314671396385,282.23473807684394
2021-01-26,27.436567062168983,1.1463316943014328,81.43918007741551,208.4257872638056
2021-01-27,27.110277045887514,2.700854045471422,77.99674116189617,240.1505534175628
2021-01-28,27.42900627931745,1.4482941483223206,80.7363742198983,247.0067612247062
2021-01-29,27.696559547087016,2.018903949100656,80.28418774612696,283.73375338853486
2021-01-30,27.3930373953341,1.2380511711312745,81.44035450587428,216.08441081832177
2021-01-31,25.51852330142922,3.953917322910692,69.66780484237255,140.3381798791246
2021-02-01,27.51531963882159,1.3868133685139572,80.37454409157503,252.15514051844377
2021-02-02,26.643869615313555,3.4679613798504785,76.91790918912054,208.44610652415759
2021-02-03,27.363327211694184,1.3027632474247282,81.42114563362503,221.08319709322024
2021-02-04,27.48985725757815,1.691437308162186,80.52745202283025,264.7205994890579
2021-02-05,27.339569805181355,1.3486756507147495,81.54438265832394,221.5297066337472
2021-02-06,27.453942839125833,1.0539550166693243,81.56652594292282,192.85790048257817
2021-02-07,27.461404871388403,1.6425183000127141,80.5964944823085,260.8716422140075
2021-02-08,26.22141154157758,3.7635447231652575,75.15286099020634,180.24323911451486
2021-02-09,27.42913557132568,1.6852960330977624,80.75090030748783,258.36177029569615
2021-02-10,27.50676040607183,2.464677214135582,79.58674809773983,269.07170490758864
2021-02-11,26.151763871032312,3.6959347465774854,74.24215807232657,178.80096170258517
2021-02-12,27.393944475486354,1.5996707615451549,80.92391783790346,250.4394041602588
2021-02-13,26.826471925390145,3.409210825320937,77.64983025611261,219.35744294960867
2021-02-14,27.427022614136014,1.196324248842499,81.33004282941081,216.68086798956142
2021-02-15,27.33764238711374,1.346303511062244,81.54437768193216,221.33309208048098
2021-02-16,27.729347287741806,2.0107507514721044,80.20556241488845,284.7680853011815
2021-02-17,25.304440550698413,4.143975176758393,68.34944337492031,128.9747842373262
2021-02-18,27.68611234560286,2.0203135560105987,79.86196578602664,278.4794692587742
2021-02-19,27.535161889896134,1.8469109467107183,80.48031232234848,271.52262260192936
2021-02-20,27.695865238822332,1.9814003412647165,79.8759942344387,278.35739412131926
2021-02-21,27.452461834803177,1.699172561604864,80.71340319546759,260.28543332591227
2021-02-22,27.311967997518213,2.6132447379833232,79.06839883653036,252.60053303156923
2021-02-23,27.339297732038048,1.3079540680316035,81.57710575183523,217.44463104272185
2021-02-24,26.42459316898037,3.594894563774957,75.74910902945523,194.11936130020638
2021-02-25,27.43206627501624,1.0789870847403054,81.6243018514238,194.61874347107332
2021-02-26,27.47397088383425,1.096588520821551,81.3934520134004,205.8669079845755
2021-02-27,27.5025915023418,1.6398108103292144,80.42384354608691,265.2940778108943
2021-02-28,27.471444344925338,2.393899352059046,79.50836329210374,266.9469237533127
2021-03-01,25.315984061878364,4.0657935035897275,68.32731833709124,126.33814743953272
2021-03-02,27.483759408709535,1.0720680036453072,81.4045477082601,200.43934276282545
2021-03-03,27.3530938001449,1.2819187918170545,81.57037767015622,216.30857871415955
2021-03-04,27.41633108129772,1.4628081616076205,80.7940340125912,246.41947077039674
2021-03-05,27.3550275810082,1.3315443796398823,81.4214757342794,223.29515957659797
2021-03-06,26.77366263007853,3.2499479800927418,77.09484811625441,216.50629256423366
2021-03-07,27.3776697166941,1.2587519306716417,81.4734773695248,217.10732422864152
2021-03-08,27.636034089453343,2.1958348385995157,79.76224884765088,278.34819194320175
2021-03-09,27.414159840899615,1.1056696149341676,81.71093419702734,195.5437130819303
2021-03-10,27.361771380894325,1.271803405739141,81.55724828985805,215.2403104452182
2021-03-11,25.504625555847387,3.969727797994842,69.44853921500138,140.16117536246333
2021-03-12,27.43329200397618,1.2712938086846268,81.04285691890652,229.10967727471942
2021-03-13,27.394904494098668,1.6803807039623238,80.98688909941691,253.88750817349631
2021-03-14,26.76846333521595,3.301219944736166,77.21941549635434,216.70537167002075
2021-03-15,27.34013736655608,1.4457909237530384,81.29450807454695,233.714330182808
2021-03-16,27.219387284268517,2.8121053525227886,78.90979293669344,248.9547860906323
2021-03-17,27.681149619483694,1.6598257719513243,79.8362942396597,280.34972774084014
2021-03-18,25.5830631741138,3.9224292338775535,69.90107569499418,145.58804909106007
2021-03-19,27.56651342030986,1.7529648025140618,80.27062376094716,274.06125354318226
2021-03-20,27.576219228841296,1.9065560048186965,80.42731043235642,275.52562327483145
2021-03-21,25.230757976900144,4.133449661855497,67.98526273088225,123.12783728337249
2021-03-22,27.367184847459516,1.2715105073275361,81.4861140870373,216.98877747932795
2021-03-23,27.733682387695023,0.8576512684943529,80.43639898253377,186.8774421582489
2021-03-24,27.324481580527653,1.372960641333208,81.62021125738522,221.61798725965693
2021-03-25,27.413359401202975,1.6385232296222871,80.83641130614487,254.31696088290755
2021-03-26,27.55617896756517,2.367043285329018,79.63727837981723,272.57911775667026
2021-03-27,27.61372001951274,1.8670351457634753,80.28731623775582,278.42920302570457
2021-03-28,27.72327387200861,1.8994866556483694,80.0026516990839,282.8778089788561
2021-03-29,27.50092521340892,1.0076022888417844,81.40381783746652,190.30437584263802
2021-03-30,27.40730176520306,1.1413428297248756,81.62138402704673,201.65158345241082
2021-03-31,27.314704254172767,1.4082954865216677,81.58915691391562,224.63328748127853
2021-04-01,26.858843920975154,3.325083438731982,77.70700899760064,222.27304404299363
2021-04-02,27.600981448048028,0.9214810971162234,81.01034117505249,186.44226246708047
2021-04-03,26.22918446003711,3.7317585846871992,75.0977565746896,181.46072805982814
2021-04-04,27.521492823191068,1.7543681926596588,80.42044632930225,269.8424715452509
2021-04-05,27.651043924464258,0.9222763100869659,80.85323980432868,191.44564096574086
2021-04-06,27.674445014418964,0.8989703710420462,80.7399605395704,188.95910250870628
2021-04-07,27.47757248070139,1.0191379391399478,81.5229543153433,189.172951199025
2021-04-08,27.49668784599736,1.076236788193739,81.3477239493853,205.9144259756255
2021-04-09,27.359232116394043,2.4461778996609693,79.21918848368695,256.43225616956715
2021-04-10,27.27793823914654,2.453555422721008,78.7742459775419,251.57660897740996
2021-04-11,27.497041871949037,1.6559557473351665,80.43118538275142,265.29077992047064
2021-04-12,26.406258900482168,3.587519705042495,75.82333025397338,193.77726722583373
2021-04-13,27.348381768175557,1.4617722710457777,81.24507093986264,235.9726227074595
2021-04-14,27.596951253263835,1.7986551785060203,80.32452637785038,276.1419919027685
2021-04-15,27.413634019464556,1.207680678705666,81.41387346644535,215.30119730389944
2021-04-16,26.18346382813752,3.7008570029646233,74.49893739969056,181.17694990805379
2021-04-17,26.484142064732957,3.5764986252103226,75.99666461466533,197.0037920099101
2021-04-18,27.576822930895485,0.9582637379098925,81.12610863569797,190.1987546961138
2021-04-19,27.35733880291128,1.262969916469324,81.55450795678762,214.54106902244246
2021-04-20,27.333842525533193,1.4173954085491602,81.40081541442929,229.11471276332324
2021-04-21,27.319676397229543,1.3820983968122904,81.61853255455998,222.13157163605783
2021-04-22,27.567525613846758,1.7040481034484898,80.24785179218743,273.281745722838
2021-04-23,25.34227653344632,4.0560619583047055,67.69984758645103,134.73861016812975
2021-04-24,27.511508324208815,1.0163268959246312,81.35664330224232,192.88369849637584
2021-04-25,27.358677280610685,1.363712227448771,81.33455973434471,227.75291451608607
2021-04-26,27.71997616226318,1.8310994058955379,79.91915282150096,282.2664403783355
2021-04-27,27.375351368459857,1.481213158886016,81.02535329023864,241.96586478982871
2021-04-28,27.552031697340446,0.9938893500478957,81.22354638664103,194.92454302019252
2021-04-29,27.587912520231573,1.83890410947705,80.28068436631777,276.8816945403115
2021-04-30,26.33804744017796,3.643052107102992,74.66615826308764,193.32967611909257
2021-05-01,27.58837573175713,1.9466406355891592,80.43631770146811,276.71350212870686
2021-05-02,27.435189644160012,1.7038585809468634,80.80847218392603,258.5719132919367
2021-05-03,26.603963560618872,3.4296071410302,76.38804123975056,204.8865125378893
2021-05-04,27.58611057649478,1.7826720549948967,80.31265270707662,275.40186373097737
2021-05-05,27.534079196583097,1.0367141529201331,81.2750852174514,203.30407478295578
2021-05-06,27.39832182440289,1.2045497385593,81.48327422613136,212.38853948906456
2021-05-07,27.717360798726563,1.892963848874954,79.96527236166901,282.11260974760796
2021-05-08,27.53358697070923,1.0214372538386884,81.28488207405799,198.66564509391563
2021-05-09,27.65345618756275,0.9148716108856443,80.834857013114,189.8949764346736
2021-05-10,27.372493964175543,1.3900203308071797,81.18156222803756,233.00916674174462
2021-05-11,27.371457846526887,1.2008962349642132,81.66172763516192,206.3860243062031
2021-05-12,27.63221055827286,1.8717353748525507,80.21628653916231,280.07869788591836
2021-05-13,27.32300363034693,2.543794066283689,79.11493971120196,253.538729665308
2021-05-14,27.398046188093996,1.163699912908793,81.64325692769255,203.38409295221274
2021-05-15,27.583386281896107,0.9968600752959792,81.15737032882485,200.6484573846328
2021-05-16,27.518146247174815,1.7616483789522266,80.48355029459636,269.14257409050913
2021-05-17,27.730271929210137,2.0698792852738683,79.992788490587,284.2934195778981
2021-05-18,27.39930958480437,1.138374058317015,81.71336267621326,199.26360936561764
2021-05-19,27.39565403142986,1.6556328308328634,80.92599962846242,253.44883555537385
2021-05-20,27.485984096591356,1.8233604223942526,80.69942948736504,266.3519204907545
2021-05-21,27.61632978378916,0.9179854993355189,80.95690965657057,187.09325894446556
2021-05-22,25.841757012433394,3.7688712468567087,71.91363386219388,161.3365662953554
2021-05-23,25.754448129917037,3.8218071728827376,71.49560285336624,156.15267262248602
2021-05-24,27.326619988900042,1.5312641510119325,81.34846377296243,237.67032705187663
2021-05-25,27.35726448545773,1.2492701216914808,81.65661190441782,211.06911736071152
2021-05-26,27.56041913460683,0.9802549201066021,81.18931212882758,193.3624599867983
2021-05-27,27.65637111152002,2.1514826655384427,79.75293967743822,276.6787147039158
2021-05-28,27.37478686122706,1.25345524744905,81.51424065334629,215.8799770732447
2021-05-29,27.603470319206515,0.9192160634323033,81.0100906966665,185.54433201157846
2021-05-30,27.392083485005646,1.3652264536215608,81.09319478050199,233.5996132417283
2021-05-31,27.677533515442406,1.9715094691906043,80.24969471594123,282.91860707490315
2021-06-01,27.409484204121565,1.700458543715245,80.93367156578131,255.2370368499101
2021-06-02,27.363047757707882,1.3987454707555418,81.19208563784318,232.90705625276817
2021-06-03,27.485031204310204,1.84545728958484,80.6936817548656,266.57451036375517
2021-06-04,27.660562157779022,1.9262547995683648,80.26968654049631,281.6092736543514
2021-06-05,27.59581231283698,1.9022406822535431,80.30812087296738,277.7341460230362
2021-06-06,27.15536941534159,3.0180068967384295,78.93039022224774,244.4344953472512
2021-06-07,27.393156761381075,1.4930727914175128,80.90277812564574,245.16801000760142
2021-06-08,27.34212052271386,1.376427286754245,81.4174299277668,226.29437814975603
2021-06-09,27.383798106981985,1.4821955852744852,80.9921557807115,243.03505504964116
2021-06-10,27.360757660286467,1.2479450627766406,81.61861715322016,211.96018607646118
2021-06-11,27.59036092400953,1.857841439405281,80.33398981620806,276.79433590527293
2021-06-12,25.364996549751353,4.111340005892541,68.67595522142192,132.2925683870497
2021-06-13,27.562490097345005,0.9716056246832582,81.17807377740368,190.7201937255129
2021-06-14,27.394147321412653,1.1416646804961477,81.69329620578156,199.78588173291948
2021-06-15,27.33013454272227,1.4087301271603558,81.42769954159195,228.17412249943825
2021-06-16,27.485044184413393,1.5773944962977324,80.44722429344039,261.3439852295195
2021-06-17,27.498770770791413,1.02927641605686,81.39939714277358,193.59673432103102
2021-06-18,27.393609028898062,1.3480349687434587,81.09761713399219,232.36793982147472
2021-06-19,25.346794372891488,4.0554413476011595,67.70484222499529,135.06819530866443
2021-06-20,27.304627876420888,1.5408420534066951,81.5651872935355,234.92887584957117
2021-06-21,27.610545493491696,0.9440046119627687,81.00804539964722,191.73005741888755
2021-06-22,27.57688375922219,0.9465105008596275,81.11364775069484,188.1224844461337
2021-06-23,27.370692529462406,1.5403329892176962,81.05798514990074,244.68852156283828
2021-06-24,27.011626989093855,3.0118675755142283,78.13614648347014,233.95420738464213
2021-06-25,25.659255998064044,3.9250484455073433,70.59483944865727,151.1629732768462
2021-06-26,27.735590971887426,1.987789576415617,80.18151814863172,285.00828165370183
2021-06-27,25.27634638990549,4.0979423458619015,68.19458469808951,124.2900511029028
2021-06-28,27.670746957569307,1.665024230297253,79.42924198048505,276.6730054527523
2021-06-29,25.256647810757425,4.136166210252758,68.01329557514617,126.12459130400966
2021-06-30,26.057652269141826,3.7430198092449563,73.47962224313832,175.22682862950307
2021-07-01,27.54228873008224,1.7438130149097417,80.3534723900049,271.7310634611771
2021-07-02,27.506837268643658,1.749222132756073,80.46460682990842,268.06689443341145
2021-07-03,27.3858909577373,1.1876392514296268,81.67675302072614,204.93598089424358
2021-07-04,27.362940862740448,1.498375158538935,81.11007967779258,240.5816728027795
2021-07-05,27.700861305990866,2.041059076254255,80.05336776645423,283.9158820467683
2021-07-06,27.36663001167615,1.492511684029848,81.05785908130912,241.63669631824536
2021-07-07,27.74933079288046,0.8712817907552007,80.39716842737879,191.51370871486063
2021-07-08,27.498623662955275,1.0520628112243118,81.36802265143315,199.50157166333486
2021-07-09,26.120369582631607,3.745897283027853,73.98573123937997,178.80635180306246
2021-07-10,27.31697195455339,1.449501443958268,81.50401582704713,229.437303184653
2021-07-11,25.831674271885834,3.7965184412551953,71.95247625879045,161.20983687706067
2021-07-12,27.404340011069582,1.1783860417555514,81.58013471562859,206.80024643564724
2021-07-13,27.678641914449994,2.0267090079258447,79.89717375783063,280.0901163882453
2021-07-14,27.628951534325175,1.722154873660127,80.07649140023268,278.3081208014954
2021-07-15,26.19913615743471,3.683149171402146,74.42568905976431,182.47107047923205
2021-07-16,27.564534590853146,1.8296674186339503,80.35018963023104,274.6679944587536
2021-07-17,27.3469147620034,1.4958779731121605,81.19143704811526,238.74141448521235
2021-07-18,25.59292512565124,3.965246399010738,70.14856824590846,146.69005867976566
2021-07-19,27.644022706686453,0.9452536487307522,80.91690112550152,196.497370793354
2021-07-20,27.49777639308242,1.0462055534795707,81.37452513668505,197.65806864712508
2021-07-21,27.43621532682375,1.7790373793146856,80.8264203702591,261.02877073515873
2021-07-22,27.3440593938137,1.5165623914433901,81.24164054713282,238.8464505221453
2021-07-23,27.071092913990768,3.054373902430125,78.32627284880623,235.6412556422604
2021-07-24,27.518471513290017,1.051737585638109,81.31411671693542,203.45909336345957
2021-07-25,27.53225205617541,1.871963441293121,80.59787957801905,270.29385699903855
2021-07-26,25.82480677925167,3.871399190178098,72.16698113803078,160.88749468404234
2021-07-27,26.310007617660155,3.637109590875794,74.92034654913441,189.50339627335293
2021-07-28,27.63342839736616,0.9289389052472415,80.91747506935285,191.07617085473342
2021-07-29,27.667255055299705,2.0494080131487795,79.86076647560901,279.0032309959448
2021-07-30,27.492957211633815,1.0710511186201785,81.37119593058797,203.00921501013428
2021-07-31,27.46351146578239,1.1721481404110108,81.17785647496287,219.46359601394312
2021-08-01,27.6439651870135,1.87345599760162,80.28102607855296,280.4264125584861
2021-08-02,27.620858058219245,2.2537930221077302,79.73061558393819,278.05372224344114
2021-08-03,27.44830972885374,1.0691153958247457,81.56447235191725,195.0928240847655
2021-08-04,27.667513893827994,2.0156129716778466,80.34694668159138,282.18729100816864
2021-08-05,27.506808254295354,1.6514938867532916,80.37727281306466,266.6640498618158
2021-08-06,27.359854143299795,1.529685092868108,81.13508604645902,242.5708326460325
2021-08-07,27.637924094282354,0.878747947112626,80.83773668515411,182.47394283540746
2021-08-08,27.59060627341098,1.8275650865540511,80.26315917328553,277.06006431268577
2021-08-09,27.386155141013965,1.3173955568544362,81.21847378462566,227.5085869352394
2021-08-10,27.370702709935493,1.5685265483912565,81.07168018006394,245.67987451641582
2021-08-11,26.2590551133841,3.6796439820421654,74.58132405371191,187.32669994079555
2021-08-12,26.243433304684608,3.6733309466599597,74.78597982423202,183.01174720276893
2021-08-13,27.56186730690377,0.9728573257788184,81.18139137191996,192.0348285935736
2021-08-14,27.740626997412836,2.015477979080624,79.99012114459592,283.843363918636
2021-08-15,27.539229243407103,0.9762049645680937,81.25805932239388,189.09449332201143
2021-08-16,27.33167688439529,1.5481176215314632,81.32220003597432,239.33897095325986
2021-08-17,27.59450895776973,0.9509645460806105,81.06291675414919,190.92466293177733
2021-08-18,27.704564962100722,1.805316530313427,79.80009762468984,281.0870367482369
2021-08-19,27.583491140768924,1.8523696210499772,80.37477798198843,275.68656387362284
2021-08-20,27.595579434515063,2.3219470543866763,79.6952533439892,275.9284978243233
2021-08-21,27.54699210864946,1.819355405180872,80.45960057978334,272.63106839613914
2021-08-22,27.44810942804571,1.0777494157699827,81.54972896188691,196.8187378037202
2021-08-23,27.489204943764957,1.0159627711558077,81.42108923451826,191.6735854780315
2021-08-24,27.366031908882164,1.5713981606534844,81.06293500091903,245.3480287251875
2021-08-25,27.516994072132942,1.7165397144811936,80.46533006551297,268.2818956123191
2021-08-26,27.638388832878878,1.7290435814207499,80.0628992154995,279.0387631056702
2021-08-27,27.67855029019219,0.9013664896427426,80.72513089208263,190.02224663607547
2021-08-28,27.41304355202538,1.1129867465691332,81.69085279742032,196.66029721863703
2021-08-29,27.33194208571926,1.3844232890557682,81.42309472040336,226.27358016337482
2021-08-30,25.222979331924503,4.128582112994601,67.9615626650566,122.23474727994383
2021-08-31,27.681781572350708,1.8899721642499334,80.22152833849803,282.5910520873443
2021-09-01,26.23490690396056,3.677741652152361,74.89851843601456,183.1793899659696
2021-09-02,27.012294573616682,3.0065495776710223,78.18671657668176,234.27637227172372
2021-09-03,26.650698803917717,3.380776410934438,76.26896116098057,210.74525033663713
2021-09-04,25.972691512743495,3.7555790941981093,73.25664173930754,168.0437750585478
2021-09-05,27.618974161674085,1.883685061656142,80.35500014227964,278.2334395409347
2021-09-06,27.542113116921453,1.8128718528337544,80.43997866701683,272.45862064205244
2021-09-07,27.358140006143397,1.291510015849701,81.50350325869437,218.34132035666659
2021-09-08,27.361924597014315,1.474692838818339,81.12871958258229,238.9683306230698
2021-09-09,27.589866407529218,1.6658453760564096,80.10782939803343,274.37664534347977
2021-09-10,27.514826903924074,1.0446357316713455,81.34003210649931,200.04756756497434
2021-09-11,27.556373414601175,1.0066063631935926,81.21988376229507,199.15855559809106
2021-09-12,25.57162032236152,3.991940474624099,69.89214390115774,145.9201519758967
2021-09-13,27.45688194170669,1.0685214283969673,81.51995686869783,196.4913423915044
2021-09-14,25.665353210653088,3.8911773818895536,70.82515349516628,150.6301334757138
2021-09-15,27.38848494228043,1.2451677677106296,81.42975810898929,216.91657850188182
2021-09-16,27.42852270684571,1.1140354259033445,81.55921728220346,199.9249605097091
2021-09-17,27.395863749175497,1.1557186532198613,81.64182206806426,202.47282909026686
2021-09-18,27.380257338441552,1.274637184549779,81.3994120719489,219.92897090614068
2021-09-19,27.38198801886672,1.222449046463627,81.59763336790469,210.72184595298563
2021-09-20,27.53677422232164,1.040518635077903,81.26475920451949,204.93009433714337
2021-09-21,25.33437317767533,4.119418602348944,68.52707567930808,130.0628043876219
2021-09-22,27.720867462682143,1.983682249023289,80.01639981075935,283.04995531285033
2021-09-23,27.53066670200359,1.8420924214772352,80.5383669087888,270.590684867758
2021-09-24,27.55218593150775,1.9029600506992674,80.55231075854073,272.7139766521652
2021-09-25,27.34249898180095,1.3471308735857461,81.44749562807057,223.5154090112335
2021-09-26,27.42108638027769,1.1108030636872237,81.6660438256276,197.02494460816482
2021-09-27,27.7106185259114,1.9417638503926642,80.06385965911194,283.3853117616264
2021-09-28,27.417157481200732,1.1473537303598766,81.577059305512,204.00012469886994
2021-09-29,27.40604956701309,1.7471620746737246,80.96720415235458,257.19119650124793
2021-09-30,27.501022945950577,1.0754314507782046,81.32885015418219,206.50503205095222
2021-10-01,26.0070140869724,3.764244908452429,73.26272952524491,169.64582285008632
2021-10-02,27.511897981816308,1.8049882851559704,80.566025694271,269.1968828989368
2021-10-03,27.547249674618616,0.9860226564447645,81.23583475672935,192.6522255959438
2021-10-04,27.720452608403757,1.9725167626364566,79.9514744860758,281.33205582223695
2021-10-05,27.358610598511948,1.2307464730250006,81.6765124951237,209.05174814292104
2021-10-06,27.50632671791823,1.8677443897644082,80.69156181196969,268.26377494558284
2021-10-07,27.623432699863507,1.9190806535133518,79.7001982186157,274.3501203753414
2021-10-08,27.40487677651321,2.5641370954414167,79.35760184450055,260.4233773447067
2021-10-09,27.442906951785293,1.6917966371413713,80.70333927250248,259.5706776336706
2021-10-10,27.714017531364064,2.130003211858309,79.93824391914488,284.3369481853711
2021-10-11,27.55636272510443,0.993881179443327,81.20555838917379,194.91472027129635
2021-10-12,27.250694020600655,2.566511366555984,78.85967071874151,248.65767453241403
2021-10-13,27.590453566314643,0.9768863219403897,81.1126226139893,196.29632359166894
2021-10-14,27.59657508478319,1.7801734485934144,80.23669306303194,276.85843200140937
2021-10-15,27.495232801881084,1.6776119347445582,80.45621995097126,265.7078744060902
2021-10-16,27.672925324298568,1.8210698111655959,80.07903599522666,282.05005621312125
2021-10-17,27.60776698787382,0.9730086595851781,81.06328168954599,198.72752486584267
2021-10-18,27.666449270854688,2.0169504641213782,80.3927095803489,281.89962985637936
2021-10-19,27.708962162939784,0.8584351136674349,80.54563244077944,184.56794367906292
2021-10-20,27.60376198976052,0.9589621469786797,81.04865275652645,193.81779936297562
2021-10-21,25.734820177801023,3.817214227384086,71.07514087715681,155.39584223145263
2021-10-22,27.268892888806768,2.5738162422840962,78.97209404411461,251.87435883700053
2021-10-23,27.51683245712265,1.7893206180299348,80.48568350787032,269.96243674205846
2021-10-24,27.371671127438105,1.3590597786342387,81.23168776358398,229.7720390626504
2021-10-25,27.644056302247645,1.5644581201815493,79.87341978109409,275.0291134601399
2021-10-26,25.27758917115786,4.134013078327062,68.3071075512981,125.46876323984804
2021-10-27,26.276244842195247,3.739624745424815,75.16177204907704,183.2656315736066
2021-10-28,27.437696331146405,1.10437865941231,81.55954240646606,198.95772116353007
2021-10-29,27.429126917923554,1.2012108032401088,81.30328642963703,217.7142424501496
2021-10-30,27.733698930963794,1.919405168612201,80.06286769835158,283.60084485834426
2021-10-31,27.374579688599695,1.441568497409395,81.08229482371877,238.32070295848308
2021-11-01,27.592962798419308,1.9430665289558595,80.46218498591153,276.49053991323905
2021-11-02,27.444133444280716,1.0985469792123053,81.51135102852261,199.72394876921138
2021-11-03,27.470714914028495,1.0661688271466914,81.46492295206458,198.14785856681362
2021-11-04,27.417235361819866,2.378826540469981,79.30781470359477,258.8795745533918
2021-11-05,27.32048549032831,1.3801381622031514,81.62370634320811,222.26870004754318
2021-11-06,27.3621684193448,1.5747077883693315,81.11406908519841,245.31567039172995
2021-11-07,27.334034172939095,1.321721359108058,81.59478687180973,218.18302161633284
2021-11-08,27.345108746077372,1.276384095330939,81.65761381796173,212.92669846829955
2021-11-09,27.622493042197377,0.8861489162553403,80.9057274671707,182.4304319585281
2021-11-10,27.312421792106168,1.4253970947495138,81.58772537188183,226.0730648795
2021-11-11,27.61201784441222,0.9565393851022158,81.01939654928466,194.25241167514642
2021-11-12,27.686414451141786,1.9902579871045627,80.32071114415666,282.88162105649633
2021-11-13,27.484800616594733,1.041807281515861,81.43367452931577,194.93454307502543
2021-11-14,27.4818467523279,1.0613804976257446,81.43571650874053,197.84470087615207
2021-11-15,25.311263758274634,4.081206816243102,68.32297062947768,126.73699714426027
2021-11-16,27.609243665495413,0.9017398507471655,80.96728543342023,183.78957061671395
2021-11-17,27.383868606758124,1.209835409227908,81.56743496382028,209.53877208999626
2021-11-18,27.391482328069724,1.7039026311627992,81.0173064647394,254.19887512902955
2021-11-19,27.565493845929975,0.9937879279781405,81.1903886882481,197.35914856835194
2021-11-20,25.370519838169997,4.014205016830184,68.29141367043884,130.5522751566243
2021-11-21,27.493727618934845,1.0004565622809236,81.44565768070855,188.4029469768908
2021-11-22,27.686169101740333,0.8882977852569136,80.66932895231885,188.3547729538748
2021-11-23,27.685060957244573,1.9226176371824153,80.1808413593504,283.0589801850311
2021-11-24,27.358872745693994,1.533456004498411,81.11329940327064,242.73115267404523
2021-11-25,27.444735364752116,1.757009962262932,80.75450819152427,261.1161293701973
2021-11-26,27.361395721437333,1.3027206181835,81.43521721076583,220.53058768013983
2021-11-27,27.587745051449254,0.9264617910882119,81.06096434977636,186.0519234473171
2021-11-28,27.661920996424605,1.979730873605121,80.25785931604578,282.16080150121763
2021-11-29,27.635313311958626,1.9262784232728787,80.3573042116712,279.63185146411155
2021-11-30,25.232112870612408,4.12944535512947,68.00042247902438,122.99864331255685
2021-12-01,27.370058795012604,1.4960658970172411,81.07657363197544,241.48375221720158
2021-12-02,25.286793845901474,4.149102053503426,68.23574277565845,128.10107377278473
2021-12-03,25.742399158248205,3.8092890961961046,71.02614332374591,156.25933987403707
2021-12-04,26.344306522289127,3.6417458761030277,75.49560831487197,189.81648309647272
2021-12-05,27.47163497428393,1.6999050740666337,80.5648529246095,263.5052027537983
2021-12-06,25.447806935721413,4.0402717321101385,69.25175526686975,136.04404285807288
2021-12-07,27.456404477518806,1.08470526458554,81.51001403793256,198.3037636770012
2021-12-08,27.012803342759316,3.072763801852252,78.18738175438227,233.3536012544825
2021-12-09,27.44983247311606,1.11865998808924,81.48174813265388,204.36239618884522
2021-12-10,27.562809000664526,0.9341780389941755,81.17170897232421,184.6565079944714
2021-12-11,27.273775952724012,2.446462805089844,78.7722172684952,251.51651999544413
2021-12-12,27.394621476946785,1.4016440815372144,81.00606147812648,237.94286400726082
2021-12-13,27.661507669217183,0.8897070369231792,80.76745178652953,186.12938841108482
2021-12-14,25.777710638181812,3.8478493763489863,71.52394008692704,158.46736616561884
2021-12-15,27.31789583248624,1.4116004960697148,81.57893042881918,225.45354020588874
2021-12-16,27.727753789191517,1.8840117082170522,80.10027523531987,284.04226571848636
2021-12-17,27.430353155907152,1.607767653050918,80.7325540098128,255.62072689704522
2021-12-18,26.03297594767678,3.764883636583497,73.83607538014932,171.61028397634945
2021-12-19,27.481069727719365,1.064743944758642,81.41137034138282,199.14273990853263
2021-12-20,27.3216341022046,1.4524547622661834,81.50459806488473,229.9012064375755
2021-12-21,26.67820987811445,3.5211971315398114,77.19795065983402,210.18444938927868
2021-12-22,27.38224736641867,1.1816224892739569,81.69061393061516,203.60354451013285
2021-12-23,25.260885814448553,4.119239559535785,68.16766407738719,124.00287754243959
2021-12-24,27.717660868170867,1.6780938227922744,79.77152815951293,282.18229098075216
2021-12-25,26.23899016446073,3.683458943888404,74.67423909393067,182.85181724781702
2021-12-26,27.492666050103463,1.7916360963159745,80.54829149278424,267.24146437544806
2021-12-27,27.476382128885433,1.0401633914010022,81.47101903198823,193.53652122490948
2021-12-28,26.348041610609645,3.698550050526829,75.62013754263495,188.2429638301579
2021-12-29,27.612776035145544,1.9326692570203252,80.29287154977332,279.11099754430376
2021-12-30,25.25936637883998,4.134920370677866,68.00373841474341,126.38426471368237
2021-12-31,27.532266308837734,1.0376232214893226,81.2930798501077,201.83926178646468
2022-01-01,27.551860919904378,1.9189877572918421,80.5909192647239,272.8414950818785
2022-01-02,27.707499228956863,1.9571355995358413,80.17406849014542,283.99613071374307
2022-01-03,27.624072542597165,0.9529560421333166,80.98713791900565,194.5947894390179
2022-01-04,27.589510345482925,0.9601493713468824,81.09082601801737,192.4883417186023
2022-01-05,27.375225130593552,1.2933556843730394,81.37671143147128,221.97586156240067
2022-01-06,27.467010748894978,1.0853754317820137,81.47183018384746,200.00028007164212
2022-01-07,27.669067179509586,1.9689067763917902,79.82868367783934,276.2552017433858
2022-01-08,27.464829837047443,1.1300325815397059,81.34842727942275,211.4341902844875
2022-01-09,27.286653487646394,2.313581776283015,78.48642308889048,251.8047839874184
2022-01-10,27.392716710431795,1.422902573650316,80.99651675870315,239.46804967521658
2022-01-11,27.420403270533402,1.7527624912400668,80.90727346621529,258.72778294093695
2022-01-12,27.60681104145074,2.1667302570165434,79.72915915994554,275.2520756756078
2022-01-13,27.727409943712928,2.001586175095416,80.17187224257565,284.70432608632484
2022-01-14,27.3783940573544,1.3619461335090584,81.17739532932511,231.18188721874785
2022-01-15,27.317625795437547,1.3837541875903252,81.59579376174543,223.10327909184306
2022-01-16,27.324825426006242,1.3952832658804661,81.53178077555384,225.30586209116652
2022-01-17,27.56359849635259,0.9920422605498496,81.19496365108606,196.50059776140293
2022-01-18,27.691468547006927,0.8722098648611042,80.62962232235078,185.5946337058355
2022-01-19,27.63271321913164,1.8447315267529314,80.28379129358227,279.34887118905255
2022-01-20,26.05268928851083,3.7476209253481763,73.63585689229473,172.23863848561106
2022-01-21,25.708952359216802,3.8749214312345703,71.32154028067798,152.95844411478936
2022-01-22,27.395909561304396,1.5615476087367004,80.87619755838132,249.31413203265112
2022-01-23,27.702802976720807,0.908237968085036,80.65310259753973,194.64083579079283
2022-01-24,27.69508236044177,0.8984346635772797,80.65492561572643,191.98268291757432
2022-01-25,27.618911806276415,0.9335149766712401,80.96956959724469,189.9929911565111
2022-01-26,27.50787974908799,1.6501638544269746,80.39887864735194,266.1213518505999
2022-01-27,27.432371689208914,1.731118559737528,80.76977410269093,259.53443630019814
2022-01-28,27.72231232632533,1.8162711795780186,80.0362821546954,283.67651903215074
2022-01-29,27.518576372162833,1.0386617763787422,81.33452655839955,199.9500315691661
2022-01-30,26.696533329859996,3.325368344160856,76.60267135818387,210.3908334996601
2022-01-31,27.34250636264394,1.4093221407479113,81.35024532121767,229.79143633213127
2022-02-01,27.473449389100256,1.1239454811360094,81.31142283018819,212.24701389034774
2022-02-02,27.387757801990034,1.1847456140594308,81.6165901029707,205.92550759667262
2022-02-03,27.518405340214937,1.050785887827692,81.32028744273569,203.36148644527663
2022-02-04,27.722352284682206,1.6622940050184316,79.68557260319069,281.96253800273956
2022-02-05,27.74642859451455,2.0436104363417575,79.95629992729972,284.6448576751377
2022-02-06,27.37546437171115,1.4897724000372654,81.02706848660355,242.67308497975839
2022-02-07,26.186804804893573,3.6935759285628635,74.43225540871065,180.80666418973726
2022-02-08,27.72641836563404,2.0530378930393525,80.10039632751972,284.70088635115184
2022-02-09,27.577284106326427,1.8766178439478762,80.44239221702742,275.341366945357
2022-02-10,27.71911693033445,1.9806367449812181,80.05262130768806,283.529142337521
2022-02-11,27.6031804302353,0.9826563673624519,81.08890513079244,201.15810556923776
2022-02-12,27.534233430750398,1.5269092187768047,80.23006782678293,263.962049230438
2022-02-13,27.32052112198412,1.427786108476672,81.48907338134582,228.0625793346265
2022-02-14,27.38423230415924,1.5527556829770808,80.94365089008627,247.565629537354
2022-02-15,27.36075638772733,1.213555165768737,81.71710824042214,206.30868345659115
2022-02-16,27.696289510038326,2.0514570586771437,79.97806832371829,282.5431440232334
2022-02-17,27.332376028384687,1.4546082494355566,81.38797300605678,232.2898897481157
2022-02-18,27.605387302289213,1.790503757095853,80.2172818175172,277.56483658403
2022-02-19,27.484209640131905,1.0769035805752816,81.4171446146384,202.7598519406838
2022-02-20,27.17474845489057,2.75855965072536,78.72166376325615,244.50772269913045
2022-02-21,27.330948217033924,2.513584321621878,79.16220713907262,256.00679284373285
2022-02-22,27.385114696664246,1.193998468489829,81.61857236569419,206.94129330833482
2022-02-23,26.047038362410834,3.7577482120892665,73.71302662893923,172.11757399199564
2022-02-24,27.463693950762515,2.289560909338332,79.47805043100851,264.7560252152213
2022-02-25,27.696200430898795,0.8821355508155527,80.62615045968951,188.27202427319182
2022-02-26,25.506851898056087,3.921212169040491,68.87697905534534,140.5813815672729
2022-02-27,27.633284343671946,1.8703879355860658,80.25659697133234,279.9568355155875
2022-02-28,27.40211430514045,1.1562701690282498,81.64142727431681,202.96449845288498
2022-03-01,27.329202011387295,1.4469047903019612,81.41173693557687,231.30942337905483
2022-03-02,27.426606487298493,1.0896875571540747,81.64889020318118,195.29690321796906
2022-03-03,27.36356670732361,1.200913109038866,81.72368868914518,205.39186991882485
2022-03-04,27.623808104808674,1.9444640575807877,80.2907084781487,279.78804026379794
2022-03-05,26.004726534669253,3.7556863777885336,73.1792256712702,170.10958425825942
2022-03-06,27.524886738407183,1.7672141592600707,80.43292380227795,270.45341461152327
2022-03-07,27.459338235351293,1.421511794655249,80.62084728485523,248.53912778310047
2022-03-08,27.311697705957695,1.426580944302786,81.60593564818168,225.853116864957
2022-03-09,27.38991606228495,1.1461419941779678,81.71077827008507,200.10535156976238
2022-03-10,27.45451599976076,2.5926223096737124,79.57813230478105,266.00704271317477
2022-03-11,27.085726326009212,2.8992375677528095,78.36881933968023,238.08164136395797
2022-03-12,27.44927458319077,1.767131387483353,80.72814326790342,262.0108683188377
2022-03-13,27.59769519133483,0.9496902870115671,81.05144617110915,191.31762607940465
2022-03-14,27.59093713878638,1.836906574281836,80.35416244966429,276.2013539303937
2022-03-15,27.653051513757454,2.240926806617735,79.74673245809826,279.1963171610696
2022-03-16,27.314790788194028,1.415399649572331,81.57256728253697,225.78699948114152
2022-03-17,27.6469205783513,0.9520476840514812,80.92387802676927,199.31930116035198
2022-03-18,27.59906497398898,1.9471740339700256,80.38396606000126,277.6939330365804
2022-03-19,27.12558364168898,2.692805289483879,78.2773797996226,239.54672031935422
2022-03-20,27.426321434051992,1.7115268709564455,80.81646426911576,257.8565724901037
2022-03-21,27.314137710845355,1.380918810183141,81.637746403201,221.7331829267658
2022-03-22,25.864973708569266,3.8438535954712054,72.1986351367092,164.1024679863392
2022-03-23,27.322253074968426,1.3257071931628859,81.78525992577276,214.58163662077172
2022-03-24,25.44630455240527,4.006463901866837,69.0977284768639,136.14939804569198
2022-03-25,27.329495463524093,1.4341728569218342,81.37074805532826,230.67612203415777
2022-03-26,27.347492249339385,1.2617155510461873,81.68102940005762,211.6969931439439
2022-03-27,26.819394969522175,3.28263395080439,77.28953783284763,218.7270316914807
2022-03-28,26.129812480445512,3.755619591977276,74.18377753222502,176.0333756052022
2022-03-29,27.752499210617653,1.9448903499930688,80.11795469649711,284.57597431870886
2022-03-30,27.68247715317453,1.4526897559584533,79.7118960568801,272.6752707661719
2022-03-31,27.25021757446008,2.7248697613827892,78.98379685877077,249.57037457244763
2022-04-01,27.479213572963374,1.763480548215843,80.66606278051758,264.9479056999762
2022-04-02,27.719439905843206,1.9001031810496307,80.16016611032497,284.1008475999898
2022-04-03,26.112838577663858,3.739519238052775,74.30785224953928,175.4070955754006
2022-04-04,27.514623548974118,1.0225958810909006,81.34137241468389,194.87535835333702
2022-04-05,25.65523611100885,3.928204785576608,70.83708854143859,149.7963523081293
2022-04-06,27.74339074134473,2.0070929849528945,79.91170316301466,282.11253882523323
2022-04-07,27.601949102015162,1.8004459618812776,80.28404011317099,276.8564107137304
2022-04-08,27.55819877342607,1.0168794774640504,81.22466773358754,201.8327014668048
2022-04-09,27.61474010291628,2.2276991306864926,79.74515328310852,277.72942968511853
2022-04-10,27.486683495092585,1.0779062558533343,81.37707139047629,202.7178127030795
2022-04-11,25.266078364747706,4.141260049335839,68.1285363676622,126.3012589393911
2022-04-12,25.279496228279296,4.094717443762995,68.23364605592417,124.11025401773766
2022-04-13,27.52064758941283,1.8942773623702949,80.61052956590962,270.5400285616275
2022-04-14,27.496298442901697,2.502594147989596,79.61625146577308,270.1213383225772
2022-04-15,26.953385520597745,3.0470278184354918,77.85898136720228,229.3249798737195
2022-04-16,27.34524872758235,1.6694965705675966,81.27055670093668,248.14994125192598
2022-04-17,27.751556753321417,2.029314365052236,79.91884594400821,283.6726005709485
2022-04-18,27.6491656271793,1.9890039769251027,79.78889908440014,275.40179280860264
2022-04-19,27.51870591868289,0.9933168748625699,81.33084071089198,190.60508671137237
2022-04-20,27.700618501707687,0.8860810647130523,80.61437631675123,189.3482003869124
2022-04-21,27.656959033840923,1.9453489695799477,80.24704395792273,281.8214733994583
2022-04-22,27.539241205462982,1.6822785933061666,80.31088442919945,270.0505932538124
2022-04-23,27.43585290198177,2.528289456005351,79.4425936396158,263.75282822506864
2022-04-24,27.481807557506507,1.7270233106302146,80.55095552118082,264.7721777860596
2022-04-25,27.3576409084502,1.3084434161965344,81.43893457542131,220.9032315674152
2022-04-26,27.3843936646577,1.2071810284741047,81.53799131248833,210.72893819045578
2022-04-27,27.560294423811484,0.9950380304771547,81.19947060323642,196.67052777118772
2022-04-28,27.411173399118894,1.3341506248754653,81.0391213074812,233.19737699360877
2022-04-29,27.39449956578154,1.191234850305379,81.58323998409583,208.39062749654735
2022-04-30,27.52864002432335,1.8424979321344175,80.55455677002824,269.9662133585113
2022-05-01,27.59003184021692,0.9270793822205041,81.06331652428841,185.7234464688871
2022-05-02,27.4945356939863,1.7957631397323706,80.58737441498324,266.99766871241167
2022-05-03,27.521110037402913,1.0049424018109891,81.32122300438928,192.8203648157674
2022-05-04,27.738919986587597,1.873870389350725,80.06414497224036,283.68845172169426
2022-05-05,27.335279753821563,1.3258754010438984,81.59144273653732,219.00440909893825
2022-05-06,27.636919790612104,0.923777214621872,80.89845861758555,190.23845349535296
2022-05-07,27.503209457058315,1.0882665824464712,81.2722602857208,210.75512627731433
2022-05-08,27.360536998532258,1.2084321967041496,81.78167692369519,204.76108631822973
2022-05-09,27.440136081522233,1.7334564183752126,80.82299827151556,259.3443997971854
2022-05-10,27.496819937635696,1.532517983569554,80.40965917073257,260.31791577352556
2022-05-11,27.39601900139011,1.1825157494995242,81.57991575439053,207.8834793256506
2022-05-12,27.433787283991972,1.697291191091997,80.78356534309509,259.2507645319858
2022-05-13,27.403315855476805,1.6134000415481813,80.88566431433352,252.23265867399252
2022-05-14,27.68538393275333,1.9012891620649641,80.13217058899936,283.05247305715227
2022-05-15,27.481605475115686,1.6017764684399851,80.52017985565057,261.39157414294425
2022-05-16,27.350949538000485,1.2601242369955097,81.67383353755181,211.28917175881662
2022-05-17,27.319554995087955,1.41403800055877,81.53167627132659,226.61226996376183
2022-05-18,27.572223902177434,0.989045069647837,81.16421120871742,196.5001190353737
2022-05-19,27.372693501448094,1.4678773112551575,81.04026255999479,240.70603518681858
2022-05-20,27.663901098440462,0.9109731667753341,80.79259583536839,190.58751569304007
2022-05-21,27.686237819933684,2.026292484714679,80.3397657482609,283.30515174762
2022-05-22,27.37083276547921,1.2437737915224705,81.53325876391085,213.4273040501301
2022-05-23,26.81755752138548,3.2643850831219927,74.99747149825292,226.24503390755746
2022-05-24,25.412355601538742,3.9830501463659784,67.51465531355929,139.82672317396475
2022-05-25,27.722407259236885,1.9345712316664523,80.07005858446561,283.5864476162798
2022-05-26,27.324465037258886,1.3577137603424614,81.6039218683103,221.11975757737886
2022-05-27,27.552333548367542,0.9680451949315193,81.21294998975605,189.00291480567813
2022-05-28,27.466865677153457,1.0526965659439032,81.49310094108857,194.60088876324224
2022-05-29,27.71572988693767,2.050673035882223,80.03117969432937,284.06948217977805
2022-05-30,27.708820399852016,0.8609868289986137,80.54928345354462,185.13762765385272
2022-05-31,27.60222397478857,1.9494307194275386,80.44579938659564,277.32107638218093
2022-06-01,27.503789235000745,1.7825816454791255,80.49420474938537,268.5479609010117
2022-06-02,27.320468183524056,1.3330697959884947,81.68366854649533,217.16360113296716
2022-06-03,27.437101791517993,1.7263145994947977,80.83089580526156,259.08081679160733
2022-06-04,27.612640889365284,1.9862565223279514,80.34885263964098,279.19539517019854
2022-06-05,27.460145037843613,1.663161332455585,80.61112507412528,261.5684900066371
2022-06-06,25.25734682749091,4.108975503979089,67.8357437224254,126.75494937035658
2022-06-07,26.536723444703288,3.513123153251208,76.32019311429816,201.05938162365328
2022-06-08,27.369060345114377,1.2144823517654484,81.7387455918573,206.115668213841
2022-06-09,27.45757854057782,1.1066104778124397,81.45703039471036,203.74991056092307
2022-06-10,27.545247430073793,2.3032043979933867,79.61058335554202,270.672724324694
2022-06-11,27.662748923398585,0.8714878320878031,80.73552989209391,183.2014822856891
2022-06-12,26.111277402115626,3.7848078334461586,74.37630749478815,173.666376810727
2022-06-13,25.703162469659137,3.8908601492860813,70.95887743613112,153.83039925055695
2022-06-14,25.7518326391245,3.8511414195028264,71.43606861977165,156.47734638857264
2022-06-15,27.369495305827115,1.2056035689268265,81.65867047181517,206.90118670544115
2022-06-16,27.36591177929971,1.23492467153087,81.59099817887214,211.55289660914414
2022-06-17,27.50003671262006,2.447627293862725,79.57888539873625,268.73363567798026
2022-06-18,27.38013466374083,1.2954727590655302,81.3437295655877,222.92911147016986
2022-06-19,27.73714909329373,2.0219071791451757,79.96094787721702,283.08442358695527
2022-06-20,27.65083446123045,2.2580424469708182,79.79872414056011,281.19249831941806
2022-06-21,27.308160755094672,1.368608728669334,81.82504120161744,217.53175918004263
2022-06-22,27.75174152890799,2.0108399176350065,80.07788810752403,284.86143687688235
2022-06-23,27.70458277792863,2.0366052086551107,80.18547603888965,284.52787121806756
2022-06-24,27.478158366927676,1.6477444673654413,80.50694762992241,263.3854325935212
2022-06-25,27.39296155080959,1.6522530424908286,80.95503521566889,252.9362086310314
2022-06-26,27.41255234419883,1.5640131774762307,80.78000888177364,252.14781778325587
2022-06-27,27.24134325606821,2.8539894701385924,79.07703121746171,250.9431125959825
2022-06-28,27.597548592522344,1.9155280391225047,80.43575371040035,276.5512671965772
2022-06-29,27.70122474888015,0.8843339763100537,80.60753046046689,189.17851860543905
2022-06-30,27.73538023609448,1.974444847692836,79.97011107327099,282.50612254363926
2022-07-01,25.22706780991713,4.117458012496128,67.86674498438276,123.35603002397455
2022-07-02,27.404870159205704,1.1353923205149477,81.63928244946204,201.11252021289837
2022-07-03,26.337511947293468,3.713691957011052,75.53903728588729,187.55209124759688
2022-07-04,27.478150731572857,1.076741589458615,81.43535654973552,200.77342260885683
2022-07-05,27.5867005349103,0.969632246058074,81.10201128792899,193.9714704183601
2022-07-06,27.626774440155042,0.9286948528412107,80.94165535698474,189.48135714541445
2022-07-07,25.236663923851026,4.12596183563378,68.06271695125652,122.42100716650364
2022-07-08,26.322412142351627,3.713797109139414,75.4822848552946,186.5282913075934
2022-07-09,27.691129028229398,0.8555412986754003,80.60761837672159,182.76128483651058
2022-07-10,27.413960812650718,1.1754650506222342,81.47199938116779,210.5488662810887
2022-07-11,27.56983327258426,1.9155175594340363,80.41617326756528,275.3562074522633
2022-07-12,27.47583085626765,1.0603566853489166,81.46162692191265,196.96159319696267
2022-07-13,27.686649365558317,1.9405171227085805,80.24995017071899,283.09119667373926
2022-07-14,27.41110213580727,1.132357296161345,81.63644424735337,200.01421631827097
2022-07-15,27.472862993850317,1.5762362242891974,80.48803734117962,259.98663736129487
2022-07-16,27.434031360834283,1.0783586586758678,81.62359022740006,194.5379628862883
2022-07-17,27.411612177509035,1.2342465113516663,81.29362393560837,220.2290789346901
2022-07-18,27.548133085170935,1.8669045937122144,80.43541531575968,273.10513127923764
2022-07-19,27.680967643527225,2.0025268603518493,80.30535234034355,282.925061011001
2022-07-20,27.354713513413397,1.549420832960174,81.15414230936052,242.92792680265455
2022-07-21,27.614377678074305,0.9172274093290124,80.96212823274469,186.82066879730033
2022-07-22,27.397154887675036,1.1417797794474636,81.68647689025335,200.15123834619425
2022-07-23,27.36843704564949,1.363380607476384,81.21934962957795,230.03581710475896
2022-07-24,25.248592129657837,4.13294379485959,67.99134139343471,125.24412548327788
2022-07-25,27.47031634850705,1.108094153029016,81.3975542190198,207.0353718383764
2022-07-26,27.73932975062944,1.9604223140345283,80.2074783257216,284.8609936120405
2022-07-27,27.395911851910842,1.4003041023879443,81.01424598379813,237.80538098390196
2022-07-28,27.363470247341084,1.299038339850584,81.48637120061231,219.82998100165108
2022-07-29,27.5333922691614,2.374336082772116,79.60733708930785,270.3642829171171
2022-07-30,25.500784081583088,3.962180646079083,69.26860781761381,140.13836495369998
2022-07-31,26.81003656963491,3.2521721607538177,77.3965053740387,220.07358162815703
2022-08-01,27.416837559833905,1.6705068835847026,80.85703347365805,255.2590050554739
2022-08-02,27.533705573220722,1.8186887904211677,80.44853971966609,271.5351404010642
2022-08-03,27.365397410896875,2.3217736954723485,79.09189404089464,256.6835696043219
2022-08-04,27.360318627384494,1.3602368785576497,81.28800890688956,228.08692343974278
2022-08-05,27.444547789535445,1.313338851686067,80.86910454130552,235.91632807254018
2022-08-06,27.360145559341976,1.2279269039614384,81.70189209317323,207.91353268193035
2022-08-07,27.699478288721696,1.9998568488762625,79.98990384215509,282.3873275660142
2022-08-08,27.521102402048097,2.23861647936501,79.57318245376277,269.4420438176862
2022-08-09,25.295589647394646,4.090868733767452,68.30780258734924,125.56492511464644
2022-08-10,27.37059301533796,1.6502178514658636,81.10177407992109,250.15832105872306
2022-08-11,25.615729639882915,3.872758352485921,69.79672407707919,148.44978464085926
2022-08-12,27.50462097965213,1.0046315635937009,81.38783864347887,190.59866823646186
2022-08-13,27.33827739412268,1.5639955929142242,81.28728235369051,241.46022371939438
2022-08-14,26.175612011011545,3.7542842309958058,74.52334411314818,177.93863427918328
2022-08-15,27.47776896383201,1.0788099957673702,81.43658240090927,201.23463081154068
2022-08-16,27.538917466418745,1.04553734012332,81.24544251044847,207.45776777150482
2022-08-17,27.66487511520327,1.9413389789550908,80.24442305825487,282.107964332065
2022-08-18,27.328361358821954,1.544035338818357,81.30889316436954,239.2039170212345
2022-08-19,27.301945067250053,1.3960548551466947,81.82338074556205,219.88202029408828
2022-08-20,27.407241954923663,1.671396591373501,80.90420469128775,254.06960137054241
2022-08-21,27.347477233141582,1.5662190630879467,81.22475233224772,242.62815565538497
2022-08-22,27.551440466365793,0.9517165969446096,81.21034236046626,186.50538338056484
2022-08-23,27.468286871196714,1.732919822801254,80.64007440387431,263.1738179580056
2022-08-24,27.31237547095361,1.4407949543029432,81.53900317881579,228.24935340840287
2022-08-25,27.65874647040356,0.9268312445121888,80.83841679202995,193.58965981415457
2022-08-26,27.716935763975087,1.9981658889742142,80.1678961055479,284.4136507336108
2022-08-27,27.4715458951444,2.510140589418001,79.58587391158478,269.5803956401351
2022-08-28,27.39070886662677,1.1649384699883076,81.69985343134297,201.92997150370786
2022-08-29,27.490437290032407,1.0715546765321853,81.39515559818452,201.83066244853208
2022-08-30,27.41818723605371,1.6207633548611438,80.78849694734353,255.15884493180172
2022-08-31,27.52167988938408,0.9893491582352641,81.3326902698348,189.27889149623533
2022-09-01,27.5063320626666,1.8638150394542075,80.6862155084067,268.34714419704443
2022-09-02,25.409605219477776,3.980559177703549,67.50223258089308,139.54814008613727
2022-09-03,27.35780939527983,2.3486869564343578,79.15218468603895,257.2401329397919
2022-09-04,27.372724551891014,1.1882522243941191,81.726251530909,203.81797831004286
2022-09-05,27.48140441077217,2.3986052650469523,79.47914191960437,264.447122812209
2022-09-06,27.386587047584776,1.6249113576544767,80.98252812142528,250.63484849434244
2022-09-07,27.425754890724576,1.1256826227160548,81.56790274464707,202.27871455070886
2022-09-08,27.42985991198598,1.125462371636376,81.53777566884477,203.57593797578028
2022-09-09,27.415325505068328,1.5481400018831077,80.78120653339401,251.57540329704003
2022-09-10,27.37262834642032,1.6526651251560336,81.10408976089344,249.9046139938221
2022-09-11,27.529050806412503,2.2732616189547667,79.59105267662468,269.57592753052893
2022-09-12,27.62728499088047,1.9632008524534081,80.32809113315811,279.8645300449135
2022-09-13,27.63898693567287,0.8997559924335125,80.85825600723729,185.87149692607647
2022-09-14,27.408227424718696,1.7229090559861875,80.9393346996206,256.91718790658865
2022-09-15,27.419303015904287,1.710727039817903,80.88056019517023,257.1050258159856
2022-09-16,27.73894187460474,1.9309349573896952,80.01284500823515,282.62794945278273
2022-09-17,25.905748539386206,3.763299605028196,72.33034446840404,165.40740421965944
2022-09-18,25.380090373665258,4.0763318072649914,68.88028752647669,131.27280215710735
2022-09-19,27.543415708453217,1.7728696385963327,80.39699591246394,271.5860803966936
2022-09-20,25.259579914263032,4.0916296657233735,67.75863867887398,127.047628280156
2022-09-21,27.68643023087507,1.9524778220661556,79.87261194682938,278.7140804742868
2022-09-22,27.545808883164664,0.9945659116305534,81.249931215829,193.66487299252552
2022-09-23,26.4313323876536,3.5958856936335106,74.82806682826552,199.8915738018184
2022-09-24,25.328390368152622,4.106775835131718,67.92154832819715,133.90109671057655
2022-09-25,27.687104432705407,1.7941119671221353,80.0086747919282,282.3975758491586
2022-09-26,27.437593508368202,1.2100238659985039,81.22976687635907,220.5813858310198
2022-09-27,26.203382687272057,3.724683551618041,74.57536399516341,180.21618222856623
2022-09-28,27.376402247794495,1.2567988009360407,81.47011996387432,216.69047797133345
2022-09-29,25.626961119562683,3.9470842107855044,70.365869857326,149.0927580246062
2022-09-30,27.72415677353727,1.8480381348975248,80.08029170475108,283.8458816629379
2022-10-01,27.335764344340607,1.4517359266859744,81.34594571872458,233.06397200679524
2022-10-02,25.51185318271708,3.9575550181621573,69.3857048042617,140.65265855384789
2022-10-03,27.445485156595137,1.8059955786018227,80.82917563250487,262.3999130052628
2022-10-04,27.395657085571788,1.1928748327397918,81.54973227948142,209.950228246827
2022-10-05,27.708703833435145,1.9966472222554632,80.01327629552227,283.0895654591211
2022-10-06,27.529819941154393,1.936260060106439,80.6701351277863,271.80397166237026
2022-10-07,27.15168484761877,2.7109790231286115,78.55676272782459,242.92929205836757
2022-10-08,27.470861767352805,1.7436279329540767,80.60122371329146,264.6444997810032
2022-10-09,27.73560700613254,1.9873009387380396,80.15031617220613,284.8115252556862
2022-10-10,27.380157315293452,1.5292062243916458,80.96327114405554,245.6791121008878
2022-10-11,27.468387403368467,1.0471464163578426,81.4843225859985,194.1722161999527
2022-10-12,27.551974941202978,0.9954604152089898,81.2216736045366,194.67200617447415
2022-10-13,27.43675489189748,1.659289353999204,80.76498681380394,257.4707370411339
2022-10-14,27.62290153368008,1.8180218204177863,80.17499409901548,279.2265832844735
2022-10-15,27.474721948236407,1.6821066553665465,80.55518711298633,263.5830577906269
2022-10-16,27.68966965741206,2.017544609170995,80.16573469272055,283.7048702514377
2022-10-17,27.546133385744383,0.9829386084637496,81.23736416780135,191.89523562956737
2022-10-18,27.65867902476934,2.018023300025619,80.29863752904261,282.20956063382494
2022-10-19,27.374236352144763,1.255546922218642,81.53707233880732,214.73910202320272
2022-10-20,26.002065868027383,3.772541979770126,73.72183981877171,169.24468589877463
2022-10-21,27.370335449368802,1.6689960322268431,81.10802442798975,250.87899876925235
2022-10-22,27.708451103190704,1.8046252261181777,79.83942936647756,281.4284925212373
2022-10-23,26.96902399982192,3.1806200450834767,78.06968511252556,229.55022933577146
2022-10-24,26.561434252520918,3.4876312222404793,76.2805030723027,202.07605386499927
2022-10-25,27.372279919728843,1.5245628342908746,81.01604743762047,243.9276485964469
2022-10-26,27.577502222962366,2.4061778168856094,79.72432210714081,275.9764058884342
2022-10-27,27.314911681311962,1.4535707602771675,81.51652979356251,229.4635090021052
2022-10-28,27.603132072988124,0.9649096366173538,81.05825387505655,195.97490338952173
2022-10-29,27.69474487775886,1.9374831640860086,80.19187070231978,283.4985747940247
2022-10-30,27.50281292763149,1.640223603481773,80.40133864368575,265.77507335611983
2022-10-31,25.776499161884193,3.821625288120164,71.58735756490293,157.90951736210738
2022-11-01,27.383585589606245,1.2886520804690336,81.35301551263876,222.63659213571356
2022-11-02,27.67376521332843,2.0563585333091834,80.35743193906008,283.0651681622238
2022-11-03,27.422159402141293,1.5837739622475182,80.79292261842825,253.1950043763172
2022-11-04,27.53922517121787,1.8325733119109995,80.49330236367696,271.6262047301809
2022-11-05,27.69279989837517,0.9030393321172687,80.6780923782336,192.36360699209607
2022-11-06,27.515057491639546,1.830170443680442,80.51765516622368,270.02483070120206
2022-11-07,27.18374493895951,2.8622266828967313,78.68631811127975,243.29408129264473
2022-11-08,27.305138172634486,2.617718854472051,79.17776002216492,256.0542931041892
2022-11-09,27.691752836717942,1.8916501577577747,80.22047831983363,282.9599902805415
2022-11-10,26.96509662781593,2.9646194559990597,77.43217283268321,230.86555569698547
2022-11-11,27.668637054521565,2.026832987969083,79.84374058055147,277.96595580474803
2022-11-12,27.61275262005744,1.8824124011836445,80.35154320879369,278.3391316098336
2022-11-13,25.31049907748972,4.057219697447725,68.19693604320292,126.11586785192138
2022-11-14,27.63748913356962,1.8396067814699595,80.2547872235237,279.76015003994655
2022-11-15,26.68424957103054,3.427484560060717,77.08779491031281,211.22090897316642
2022-11-16,25.223991907229138,4.115632770484211,67.97644373525935,121.1313103784474
2022-11-17,27.255923984138413,2.695818643973191,78.97672208846481,250.16264732357985
2022-11-18,25.334349762587223,4.063337348807635,68.4062414224376,128.42822095668907
2022-11-19,27.348293707083336,1.4861537103225146,81.2409007235557,237.39055601427287
2022-11-20,26.206961887098398,3.6896547488572313,74.65012847578362,182.53103534704218
2022-11-21,27.51171447878887,2.052425630562214,79.41745622596596,267.2161450876796
2022-11-22,27.36362804467397,1.2588069934415613,81.56070522334402,213.81900832560646
2022-11-23,27.72515751404194,1.8703641342597133,80.0714785149186,283.7959523111481
2022-11-24,27.415503408835562,1.1802572878236268,81.4485920930582,211.4634989558329
2022-11-25,27.395192601487093,1.328429780702654,81.13790268420334,230.24314093660513
2022-11-26,27.617584781609235,2.1386658289195366,79.75916680234528,276.18796733216874
2022-11-27,27.61716356453517,1.8652425861698336,80.31419041213492,278.72837133278915
2022-11-28,27.581210460285114,1.9202142360863426,80.40664015972276,276.03887076995255
2022-11-29,27.712289396057166,1.6803554816612636,79.66522247842785,280.64219388351546
2022-11-30,27.351351157663856,1.4463776086854403,81.22539926317839,234.86114498173123
2022-12-01,27.585462334870826,2.2536058086900037,79.66202099971964,272.90663728304185
2022-12-02,27.774028875106733,1.7966576433108068,73.43718855047787,291.88128033305577
2022-12-03,28.17843646103187,2.276889367383278,68.0247976753341,285.2581057185879
2022-12-04,28.263606807919924,2.20878027342946,70.06433866813333,284.5108853093265
2022-12-05,28.29977497466399,2.0087823462583967,72.08669535073686,272.7792961592653
2022-12-06,27.909972804456295,1.8143414959250932,79.17750954377895,229.43873936274073
2022-12-07,28.194238591360953,3.1011261017723397,79.03035432141496,280.73416247290965
2022-12-08,28.63899190116232,3.6105696910182075,74.4199081513197,286.09341171722843
2022-12-09,27.847769859369347,2.620304850818051,76.08857691194153,213.00159249598434
2022-12-10,27.821476497009996,2.4194522073603637,77.55133751011337,200.14951847860777
2022-12-11,28.115078795784775,1.3040259610742722,73.05701046568232,201.5928419955643
2022-12-12,28.031214094570412,1.46882385803226,78.3360216002923,212.49696206938947
2022-12-13,28.29054128557207,1.362294627556098,77.45911170015536,245.54865039262438
2022-12-14,28.322814912335854,1.383717775113443,77.37855221131386,248.70444783852966
2022-12-15,28.355848002392094,1.462124139907748,76.60332658310082,258.45499775724124
2022-12-16,28.240817818909708,1.5984815833367294,77.31459894182359,254.37139380549095
2022-12-17,28.369920979366974,1.4634849008121167,73.87793429955983,263.4341385343474
2022-12-18,28.08158402127394,1.9321793759898787,77.78555138897626,255.51271212037486
2022-12-19,28.104641265750054,1.597049951318819,77.66007498797886,243.05775020954562
2022-12-20,28.292900355698666,1.1600099968368236,74.27187044881437,248.59586568286167
2022-12-21,28.277247878323994,1.4259656622543935,75.63046023797234,254.96331194474968
2022-12-22,28.21787764987412,1.6936154847671037,76.48186115387362,254.69238847338997
2022-12-23,28.22706527232531,1.5014258136143215,75.67232993956503,259.10922120267526
2022-12-24,28.23073609640946,1.4663614864858214,74.42566832479858,258.2176914914901
2022-12-25,28.16902512268454,1.701272406979025,75.42549095477045,255.18217839307852
2022-12-26,28.108328124079314,1.8936848159172244,76.73473318429606,253.11913516598025
2022-12-27,28.100916230646707,1.8721147750994807,76.82062072993071,253.83584122352627
2022-12-28,28.03370118414611,1.6716106256888335,77.24101801304708,241.7406153277767
2022-12-29,28.19117885017399,1.4336559773719435,76.55117897369672,241.85660887160105
2022-12-30,28.273623375392404,1.1280954377695653,74.60830522051415,246.7825224064937
