Date,no2,co,so2,o3,pm10,pm25
2018-01-01,1.8148556207193756,0.06128013997084803,0.1542962796455182,28.079475324233012,24.514769405071075,17.221979249734055
2018-01-02,1.534649977882539,0.0642173371580102,0.320222462604223,34.66778301604999,21.3258459351075,14.350651045073757
2018-01-03,1.874365479990801,0.0749020365539574,0.36277759788578673,28.951501760492167,18.477089827579064,12.932339089657862
2018-01-04,1.8708359237628844,0.05396583975415507,0.20208536508149083,26.923252002540966,20.240392887033057,14.20444930191957
2018-01-05,1.505864054322492,0.06602355321552464,0.3076957347167413,35.89920994388822,19.98732435956702,13.37244716202017
2018-01-06,1.6549733634922705,0.07523599357112325,0.2571605450807094,30.143499674183595,25.48172454134841,17.827976836407334
2018-01-07,1.5712375271029433,0.06710122220171834,0.3478498229973067,35.772242825185955,23.055646621516612,15.478755569827044
2018-01-08,1.657960238230448,0.05567190269543425,0.35934314775715975,28.631672611798418,20.838746736604097,14.381599554577974
2018-01-09,1.6457093099268247,0.06938253424381748,0.24889981815711235,30.038084816497964,23.823511109525995,16.57928636697512
2018-01-10,1.8683217767184819,0.054335997620636484,0.14584758085919078,26.527555705850602,17.935264585225013,12.607269937081297
2018-01-11,2.038569510663268,0.07465102310968243,0.3203457619466288,37.459001791155494,23.176240494583023,15.677310750406207
2018-01-12,1.1753361136525105,0.07181317976818821,0.30831354749913614,38.16678152208899,14.2986470888632,9.475895670835358
2018-01-13,1.758903819721591,0.05453120817131748,0.27019809334255773,28.09495093882996,22.894787553741963,15.883108945841125
2018-01-14,1.879783280878183,0.05360993598868781,0.18750281190086748,26.893846621590473,21.18193976491358,14.85893738476142
2018-01-15,1.3768486873879895,0.07567597210304172,0.31392391434179356,31.73225607866954,20.275118362585925,13.904413860779625
2018-01-16,1.7817142163948592,0.05417901663260466,0.26424470509718667,27.692942099014385,21.718179444689916,15.116543972485138
2018-01-17,2.2854844466999924,0.06820499626747056,0.5183771730276133,33.443410585779446,32.67693219551525,22.4456918348596
2018-01-18,1.9984294893162695,0.07445835641682026,0.3303462105123565,39.50773832137246,23.469198300694124,15.746565878753035
2018-01-19,1.7633144636881406,0.05435057567849187,0.26272225844702723,28.125860655475112,23.234366286634284,16.12121958654579
2018-01-20,1.6070582506833841,0.07756276313096852,0.3582604125544092,42.55045658995268,18.17332764369126,12.075222539891486
2018-01-21,1.759523310733213,0.06691898585699023,0.3470719842838574,28.16359160869983,17.71872959788887,12.338340433531018
2018-01-22,1.7391914494169287,0.064422032740141,0.396143744800201,28.496389145832755,20.288211244005762,14.038751611746335
2018-01-23,1.9065570488806514,0.0603191724536318,0.18488255692954797,27.03872871132492,17.24418049468482,12.138196419921396
2018-01-24,1.791310391793772,0.054956364350057685,0.2659484815674485,27.4854847840309,20.399821640030748,14.219431428539016
2018-01-25,1.8146711509089675,0.058806771974193976,0.26826392230386453,27.389291642528708,19.09531221639155,13.332251406152166
2018-01-26,0.8595000571084622,0.08186007452835059,0.3156913145888072,34.291549515423235,13.00874888079169,8.651166973068737
2018-01-27,1.8825013222897675,0.053435429466622185,0.15514010694965794,26.54752060607511,19.106479674073174,13.453546438678162
2018-01-28,1.5342965271239866,0.05790986825002312,0.4291186897983498,29.683206557013694,19.80936386152327,13.562329245723655
2018-01-29,1.3050585090620055,0.07065610418051775,0.31325485706952627,38.47074958251896,15.464379304399696,10.25656037977722
2018-01-30,1.8716153182337012,0.05339988449714092,0.193208018064268,26.89940139596892,21.033509765803306,14.765745249875764
2018-01-31,1.4071194469202535,0.07636406439996778,0.3092630922681372,31.46387679216365,21.085248652254386,14.509391472210202
2018-02-01,1.9827415570846525,0.08007787907399824,0.3396997693660425,31.883166054052154,18.087374894280607,12.648356021533397
2018-02-02,0.8849280715043728,0.0801281454920679,0.3114889168380748,34.796111482779054,12.535862976950078,8.35301670017892
2018-02-03,1.618321827496611,0.05607893322336919,0.3667881166898899,29.010307909887736,20.88239334214401,14.369579457230138
2018-02-04,2.172979191275981,0.08274241878235368,0.30534418429966065,36.598316187853335,21.758125569178677,14.919145028432721
2018-02-05,1.969803659652248,0.07881221155991683,0.34239501978461917,31.784152036023972,18.183125299913414,12.699223814084764
2018-02-06,1.5873084912808797,0.05935278529778482,0.47085436564114247,29.813248898969135,20.44434477180577,14.005185033493342
2018-02-07,1.6305055315988501,0.064467976193149,0.37042879915757415,34.297234757812,24.36013404031309,16.4721558933643
2018-02-08,2.2990321228656327,0.0704957641317961,0.5782097211999871,33.01939284691114,31.798823445466564,21.90048662474643
2018-02-09,1.65572762030138,0.06378570980859721,0.37580225277076906,33.724656785605376,24.494519448555774,16.607825829894434
2018-02-10,1.861732027572408,0.05433059125892545,0.20918632555873284,26.999572493926944,20.174690094137713,14.142721617322376
2018-02-11,1.8146626447305108,0.05354270697798059,0.21633542542232778,28.169544376402666,25.69256944310392,17.875279345847055
2018-02-12,1.6888196380076939,0.07050318061915314,0.3883695732035992,29.66401787555761,17.74092698298511,12.29618807145814
2018-02-13,1.5740143500163992,0.05685678280838773,0.3893330806566385,29.23963245411478,20.145739056062585,13.83175616910695
2018-02-14,1.9458002397109775,0.07847523802659002,0.354883684449487,42.10229370309511,22.132979898691925,14.827962416755447
2018-02-15,1.8844569815874486,0.05494026210181815,0.16900390063810153,26.727748324805333,18.612186725736443,13.088857002646785
2018-02-16,1.2593191370486272,0.07277945008714164,0.3197119918110473,39.86763630460702,14.679895658924204,9.709761044933245
2018-02-17,1.9704135653433708,0.06731841667607598,0.5161385373352075,32.12795501107728,27.03571937056368,18.578777834416982
2018-02-18,1.5627964780426402,0.05620297417356931,0.37096273301774196,29.43246417335639,20.44759231984422,14.029328416345868
2018-02-19,1.1486081139684536,0.07647810517423285,0.3253708887484475,33.63886418488486,15.910375290434514,10.728154069229397
2018-02-20,1.868359737126818,0.06629351547962767,0.2891439955669439,27.72906262891989,17.764076077529086,12.43790642148974
2018-02-21,1.7668967074393327,0.05645867437050636,0.3188766572734875,27.60377973362347,19.403187472131552,13.504551815438658
2018-02-22,1.8541417233156468,0.055194862969802166,0.21550498502144125,27.00645962344101,18.967792319078256,13.304906544587142
2018-02-23,1.1889924657697748,0.07378554319911096,0.3205487863641692,40.13519061157295,13.736859786686136,9.089491742412678
2018-02-24,1.8539553491369272,0.057722626506559606,0.20372183689069628,27.03876758815628,18.126547181800294,12.72409612866067
2018-02-25,2.0122746278121144,0.06208750149302591,0.37685728880503727,31.83461152740628,28.60664692625385,19.642317000259723
2018-02-26,1.65661327852396,0.05639529035575079,0.3758097173573757,28.679299365926518,20.735045247800922,14.297286892881695
2018-02-27,0.9638411586246138,0.07524582911325373,0.3029477229813436,37.760699181062556,11.761503392863792,7.828744133730165
2018-02-28,1.8295673737546885,0.05599757225930926,0.2514052254254071,27.212307174034635,19.417895875754592,13.58072187321947
2018-03-01,0.990315496449623,0.07753626770997016,0.31581078910171206,34.91144190924842,13.311176104221,8.90342365173735
2018-03-02,1.7360464486299807,0.0654623298526996,0.45760499174118163,29.138823512550786,21.167172681709943,14.600406072401325
2018-03-03,1.4008394750194626,0.07494589818595289,0.34161691374437686,41.51470663826781,15.92894004274466,10.54160311089702
2018-03-04,1.5165758086780863,0.07568005873893233,0.33829519326802954,41.50396608994412,17.11291610663493,11.343701852111574
2018-03-05,1.7217233771669769,0.054747900778109614,0.28271698649864246,28.51369658400883,23.095953992173396,15.9769718037463
2018-03-06,1.79650576246241,0.05417194800054436,0.2591505668555557,27.570289649663252,21.535388883668595,15.00520395124491
2018-03-07,2.2912928970069384,0.08214883425539685,0.3422158491424608,40.882917275118444,26.124306291054616,17.6854157830948
2018-03-08,2.1187178980280192,0.07878660569253987,0.3454229069881785,41.10001736213683,24.000914151554113,16.152694620234957
2018-03-09,1.637152411794259,0.05603974506711604,0.35247994361695845,28.556791881031284,20.121797787180597,13.885460313046579
2018-03-10,1.7731615713515216,0.06854934380201129,0.45656879196402556,34.36709774161687,26.71244805986556,18.18370874666915
2018-03-11,1.761688133150404,0.0541392735011071,0.2625352530734718,28.068508763143985,22.920670749994205,15.913177710161948
2018-03-12,0.9265248076515261,0.07839348141032235,0.31068017103462625,41.12781231976812,11.194994218185876,7.404187045775056
2018-03-13,1.6234933935613594,0.05538920255454937,0.3052134614978472,29.79334198452699,23.357730936146833,16.033106161072237
2018-03-14,1.8835701807438816,0.053308764997084895,0.16715813251351816,26.669915414052344,20.21614171661606,14.223394912102092
2018-03-15,1.6663014349123022,0.06848204840670545,0.4235503549530034,29.89865734388152,20.14951288658948,13.887322991570214
2018-03-16,1.5664479773214148,0.055800011693837366,0.3467509042417753,29.646672878408864,21.165155571127055,14.511467141672975
2018-03-17,1.8196142562553193,0.06030195759951952,0.3488961195018012,27.860148056028482,20.977358908386382,14.563284794437388
2018-03-18,1.6668985178567968,0.07520827136274251,0.25641186555130474,30.193107169922797,25.693304771598232,17.979729573229967
2018-03-19,0.9986372050957597,0.07522815487771903,0.31125695943608395,39.8222373905944,11.868811842136546,7.865325658258275
2018-03-20,1.6659358596755018,0.054789696521396265,0.3038287498369196,28.91007157792456,22.4319285232342,15.474244395277614
2018-03-21,1.4202819328554885,0.06727162350020574,0.308425187280644,33.29111158733755,18.70606671973784,12.670231910785418
2018-03-22,1.884173357666972,0.05778782414854928,0.17772506711737038,26.89901855801947,17.632949219746212,12.405202390393999
2018-03-23,1.1325559395578544,0.07751555040443504,0.3277593508265718,41.74850794846487,13.177890938114432,8.69974742814328
2018-03-24,1.7166884177890829,0.07081369325147287,0.37650630928932977,30.28333041155918,18.464075796845645,12.783449162725246
2018-03-25,1.151428419958348,0.07502962244172344,0.31878165344394865,40.7306571535079,13.571717109528192,8.957114566426101
2018-03-26,1.8734033931199994,0.0595514425368258,0.46050955903873575,28.42714753240023,22.57100463045055,15.611343090902583
2018-03-27,1.7701578112143184,0.06029483585978033,0.2276081644506954,29.356100851562985,24.397615622416936,16.960817962299394
2018-03-28,1.9613150013841658,0.0804546143265102,0.35042446790500775,31.133894201192618,17.954331781443987,12.586686545640067
2018-03-29,2.1284474426876576,0.081092230430035,0.3209101916248066,34.42327015042042,19.791107177011234,13.704637620344416
2018-03-30,0.9096926039806728,0.08031839047477266,0.3185228399810535,34.217804778846904,13.296531881389232,8.87149882351833
2018-03-31,1.650599981665676,0.0728759228412298,0.25478516145184626,30.221084650982654,24.775281070587972,17.286348815731607
2018-04-01,1.4907406403372485,0.07286738843723213,0.335406007542877,40.650639409567056,17.028423011791535,11.282708390938113
2018-04-02,1.8750049668696906,0.0559070714637123,0.14886144368791343,26.64711645871494,17.41797290876957,12.245774042211893
2018-04-03,1.6696651841392598,0.06595442560529707,0.3927141888082473,34.64489444632166,25.519085096817285,17.270199869184715
2018-04-04,1.8899194716511991,0.05581670343731258,0.16026858640239922,26.697734752069398,17.39863982070103,12.250477040899057
2018-04-05,1.62757051915768,0.05548662328070573,0.3055516710182855,29.73777842643822,23.396391611073224,16.063483166938518
2018-04-06,1.868213735556295,0.05665362734894474,0.18748936330681587,26.919068460129488,18.55765139052272,13.035778602273693
2018-04-07,1.8026299570353472,0.06438561149395804,0.29697934387196084,27.7244777985373,17.915172330082555,12.510794302127694
2018-04-08,1.3998153692206605,0.07963974603392118,0.31074916191083896,31.164055374101835,22.7470653770726,15.734958534032595
2018-04-09,1.7109272592951976,0.0545814294478601,0.2740189335051748,28.84128133109337,23.802971422581514,16.446157769538665
2018-04-10,1.4285463834944025,0.06787004082594159,0.31473954895106376,32.74986043405147,19.954410616064965,13.550901818815154
2018-04-11,1.8007339679447498,0.05355391535361038,0.2375645452227647,27.778853965946357,23.447198959182387,16.328463739101686
2018-04-12,2.193710144711343,0.07917245156736548,0.32578752783725395,39.108491713371166,24.418527557950807,16.516288674293623
2018-04-13,1.7656161467079605,0.0646342377480669,0.32539476308742904,27.92623142111037,18.313846901842822,12.751861680403616
2018-04-14,1.8828621366057898,0.057442132989732615,0.14390705566826215,26.71370192795772,16.963338188229308,11.91521342759583
2018-04-15,1.558752234539159,0.058172445891376455,0.4392098444013276,29.5943064455021,19.979809705777313,13.690823636577509
2018-04-16,1.6779752126597547,0.0547798795669534,0.28346975818434106,29.251796289823698,23.827490318584967,16.421886062952623
2018-04-17,1.8592826290505853,0.05451117861022401,0.21121907849327223,27.013975371550213,19.863757998996185,13.92299434363791
2018-04-18,1.651248926907178,0.06792637479632446,0.4184681847262625,31.751774883727478,20.75506782094143,14.212057444099564
2018-04-19,1.8365183180904472,0.05403928236329246,0.2337392838862622,27.189564227691555,20.77998830532457,14.537897862002323
2018-04-20,1.7413353872616404,0.07116206369268953,0.3575465060717037,32.05988233830281,20.003543762390333,13.764662700353599
2018-04-21,1.5697027332020304,0.06783954108595489,0.32185652847229074,36.44211566875962,20.989905336211947,14.049742473375858
2018-04-22,1.5533786784755397,0.06375840449549577,0.3249228901704534,32.51064140677973,22.44737408908844,15.26959185296874
2018-04-23,1.8911499474959879,0.059363351070500045,0.17854672686128442,26.991806352666636,17.623485303638677,12.39634143815585
2018-04-24,1.853384927348789,0.07544663986867371,0.3745275974941904,29.547308309969136,17.290883939626255,12.095649826172354
2018-04-25,1.7963913734058525,0.057600130989815194,0.38220727935124,27.93853692662846,20.913834594920555,14.500952533075065
2018-04-26,1.41235950676526,0.05745491866342546,0.38021248682131725,30.8088160213365,19.437500356883373,13.2038231615527
2018-04-27,1.2079395974080662,0.07471673324077338,0.3245511825464829,33.5970907001285,16.56137939369272,11.179406462531414
2018-04-28,1.4606051544340208,0.06546085876999434,0.31125560223851906,34.89716884070612,19.36766982224068,13.00679595944996
2018-04-29,1.9670316611385137,0.0737677468159148,0.3150050044565868,37.12038327218873,22.987286743862533,15.538957921797993
2018-04-30,1.7843543691425168,0.06149308848627838,0.1788760323431534,28.5035029470415,23.974673376607633,16.800331274047043
2018-05-01,1.787059841723248,0.05514654294816384,0.27500493753603134,27.503761507273484,20.253516941980084,14.113828933404616
2018-05-02,1.2056067462268871,0.08055882752479664,0.33188778131002045,32.15621978533156,19.101766970256794,13.02911767445657
2018-05-03,1.786411086918577,0.06216270462171851,0.4082309051854701,28.308602189656558,20.997680380640535,14.531705249666285
2018-05-04,1.9790289275830892,0.0740951928316487,0.3252835345779105,34.652034604704205,20.999176709945658,14.381118009846011
2018-05-05,1.8198440500315332,0.05533517345743033,0.2894791822382605,27.50441648304243,21.16927414418993,14.746482137672169
2018-05-06,2.0260656822479217,0.07831827297086186,0.34267071596267695,41.25789946891902,23.082008423098067,15.491806225818285
2018-05-07,1.7506940879321509,0.06456871880461994,0.39667952938432094,33.891505602914485,26.21222297267824,17.814953961842935
2018-05-08,2.2904925544846986,0.08626108397953386,0.30617437793735364,37.96391958035761,22.694275759381522,15.537555621204914
2018-05-09,1.9900352877164214,0.07608665909466827,0.32146339357767534,39.07400335145325,22.573989954113223,15.18603325857251
2018-05-10,1.5474496181755533,0.07047779514864358,0.27654003079986306,30.635291590833088,22.06307784831038,15.25401573298487
2018-05-11,1.886167739120313,0.054333528113568084,0.18254480468770995,26.769491498811828,19.022916283834803,13.377965082561426
2018-05-12,1.8795597080384518,0.053202223027079124,0.18561061116868693,26.828000471072798,20.95848425454123,14.726365738786935
2018-05-13,1.6977804526590579,0.07103925218525572,0.3616310538338891,33.627941772061945,22.460219416027652,15.320209612678507
2018-05-14,1.9062512073298779,0.06028505342532873,0.1804585452673567,27.02728376753141,17.391200350123963,12.241604182335118
2018-05-15,1.8108851397484804,0.05408096658045345,0.25211810372813925,27.36909282238672,20.99971766232925,14.664493855355172
2018-05-16,1.752332162074473,0.05395932609733917,0.2462106134367791,28.71507198113786,24.98119688757366,17.304720276426018
2018-05-17,1.0254469021803654,0.07502640942715058,0.3093004357647698,36.364923413850185,12.871381816360115,8.587699641981073
2018-05-18,1.8624347394792284,0.05371851463817902,0.2102882465997864,26.935774954742914,20.100766658748647,14.112464997639083
2018-05-19,2.1539619154048952,0.08166125265550506,0.30886934046553777,35.928921068054805,21.026675428401102,14.451530697644674
2018-05-20,1.8878113359307376,0.05772615551182186,0.17379143561167532,26.876694031810473,17.483074235963837,12.303007750285797
2018-05-21,1.8242257475997532,0.053122773939459245,0.20906559666626048,27.775202179516302,24.642250793909607,17.186606878736203
2018-05-22,1.7585037119394147,0.05523786425739964,0.2961501372870423,27.653206023792798,20.101762377881837,13.987464451942135
2018-05-23,1.5810594971046168,0.06329192257642707,0.3341512372669832,33.811404833876175,22.84771186021114,15.451378958059914
2018-05-24,1.1696487811701546,0.071836162116228,0.3128866863846641,38.352404554296164,13.750491786752672,9.13225661880121
2018-05-25,1.3620570143625512,0.07060490041191567,0.3163666026317131,38.81978841014773,15.936623400328571,10.569762894316135
2018-05-26,1.807087194546577,0.05847204489568422,0.4361465878066846,28.261439321787343,21.351712627727697,14.774079677928963
2018-05-27,1.8815578982284153,0.052849505722345286,0.17226351904405762,26.762330254690237,21.425034597415678,15.064260650089816
2018-05-28,0.9453359039134567,0.07624333736893042,0.30604846701781546,40.00975023216307,11.380203478169772,7.539781575575185
2018-05-29,1.8641997080300179,0.05284866662101882,0.19005985436742454,27.092959914278072,22.970308173965293,16.101383647779176
2018-05-30,1.488775205282237,0.06683526425660363,0.308628808042569,36.22482317437248,19.459338329548476,13.002746485756175
2018-05-31,1.8233995056684817,0.06673302666397192,0.3209140575815065,27.90878692563053,17.443854271284916,12.18818314436428
2018-06-01,1.2947681914136722,0.06919617408782354,0.31772536303011306,36.42775364475574,17.294417550620096,11.502829896298746
2018-06-02,1.9984504373676923,0.06609467501909451,0.22506160941986667,27.45069924497838,18.224903327558813,12.82673791744855
2018-06-03,1.0873127189684788,0.08115446200815864,0.3354147059454517,32.6582890229752,17.2164195518536,11.647273472011232
2018-06-04,1.928278146879932,0.06845060866080241,0.32094408043672873,36.84490995235445,23.81854351628141,16.041083399351727
2018-06-05,1.7151560995669746,0.06894721325533766,0.4554973667409819,30.721667344023945,22.6951907940914,15.60637947597312
2018-06-06,1.8643755447040822,0.0580745896822532,0.2054394526633996,27.017479557806983,17.06659958017803,12.002230148171591
2018-06-07,1.7302166693979495,0.05621250169116222,0.32696041386006913,27.808184887880863,19.54300807652668,13.572600436105407
2018-06-08,1.5591664981257816,0.0569518482089853,0.3868680602976975,29.274288843015675,19.964219274708483,13.700101310218317
2018-06-09,1.7379649727455937,0.055434567133857464,0.31876137773487395,27.972925790215275,20.95114013828262,14.531395685195738
2018-06-10,1.805949017085936,0.054328400567171226,0.26150178825504483,27.454779335482698,21.06234161098035,14.690236654638857
2018-06-11,1.7717358342758949,0.07096717178808187,0.37007578384551937,28.77517292669638,17.63362770239682,12.287507037031933
2018-06-12,2.0210917261349293,0.07909291219669148,0.35409963552899865,41.99202319506609,22.934715340861786,15.398155035927159
2018-06-13,1.7237616860493623,0.07286974907355881,0.2342144469791526,29.786700635658615,25.892430260867158,18.156529250740103
2018-06-14,1.6172002815192212,0.07324962830066109,0.2613258049708039,30.250488055145112,24.069996521544244,16.771301005920147
2018-06-15,1.4802648372154075,0.05683940066508694,0.3730762186437899,30.241762512758463,20.050203197646322,13.678277015044722
2018-06-16,1.7253752573194137,0.06885238152852721,0.3758627920076007,28.606609575231552,17.28666817850802,12.021655980160988
2018-06-17,1.7185889773636274,0.05493484511857134,0.30989521731576136,28.16254522889995,21.469788780039284,14.87587347173556
2018-06-18,1.750797558610391,0.0705625072072415,0.3784510088909502,28.899761969392504,17.255621179163583,12.011658635272411
2018-06-19,1.8885747337077405,0.06943812736207983,0.3189740876077634,28.006446184925366,17.93700663527387,12.557082128025064
2018-06-20,1.7367294185853086,0.05427445378695446,0.28759286269552764,28.082817413870913,21.980115923773088,15.252903152986022
2018-06-21,1.684277275232955,0.06992340143332385,0.3987400020509421,31.789474867272975,21.707123844958797,14.892813527484961
2018-06-22,1.8140989517104054,0.05496841182701395,0.2669345884163023,27.382936927925414,20.60581630770286,14.377232578863115
2018-06-23,1.5778202300862658,0.07808240052583851,0.2799129546388839,30.530509964248008,25.554479886336296,17.8471777711318
2018-06-24,1.794351541028818,0.054566291103992415,0.26338677116381237,27.511451871659116,20.980540441896665,14.622518765244061
2018-06-25,1.7761661567149931,0.05656970925014624,0.2995231845076599,27.524289133158636,19.292899200406804,13.439925601974073
2018-06-26,1.3581651203239633,0.07102797476964337,0.3101406233118038,38.40763469413636,17.134990631359297,11.343185911327327
2018-06-27,1.7372977455683045,0.06383828375531465,0.39992664512180087,28.39314546033894,19.96453834492796,13.816887814045057
2018-06-28,1.8917286215468074,0.053956354722705255,0.16118165134594528,26.596329479448162,18.601420856434498,13.102854873000899
2018-06-29,1.8359548789861169,0.05710771393576043,0.24852977618469865,27.26660558778098,19.822429236889704,13.85150479481777
2018-06-30,1.811992085568818,0.07333350125793253,0.36574829771922757,30.612862953787573,17.49272519323451,12.170086852088133
2018-07-01,1.848013466090312,0.05518447776319517,0.23129723306792616,27.11419193563304,19.933207116365026,13.954614899086733
2018-07-02,1.5310754150835353,0.0654169758949273,0.29761994112256546,31.581334901488056,21.7397680291375,14.877871088618152
2018-07-03,2.1547241705609115,0.06390570660904983,0.5602447849245881,29.897863334020784,28.108141884272662,19.413443022518145
2018-07-04,1.804669281580832,0.06388543540801742,0.2880104477099097,27.710022206566435,18.530060985222597,12.935777371961077
2018-07-05,2.032820349689743,0.08119758013264966,0.3334889865461395,32.581048007294235,18.431781856413608,12.872770418803972
2018-07-06,2.3931014425850132,0.07311095884031064,0.6149024621638225,32.99791702169851,33.68219042802473,23.23820862966315
2018-07-07,1.8261661719509448,0.05434364512639669,0.24422264802187946,27.293241488694385,20.802370897847048,14.532502973494235
2018-07-08,1.8108287704464698,0.06043648466091652,0.4259743920582062,28.152302831161087,20.774135017160404,14.385955946892132
2018-07-09,1.8750438159832383,0.05301921396562317,0.18456258732183714,26.940202959941388,22.33805953165416,15.672259822420948
2018-07-10,1.7357832649293774,0.0687461714815145,0.35415075663727424,33.22068521894269,21.707206363119006,14.823275293169338
2018-07-11,1.7253721468511722,0.054422618900290494,0.28667264161936695,28.269489461595352,22.308054094865255,15.457766040383857
2018-07-12,1.804474401223656,0.0628316622219404,0.17568935302450775,28.558580874202992,24.738239585338572,17.363739933368464
2018-07-13,2.0182906542649777,0.07769986060402381,0.34709145801255287,41.268894363969885,22.953907231189522,15.403859488905795
2018-07-14,1.8453454460863676,0.07505430158010377,0.36461882145488783,30.450828274273125,17.286262922654547,12.062649459856942
2018-07-15,0.8903738031269852,0.07824692545965668,0.3066794405038694,40.81115064443584,10.844629444885783,7.180300495614517
2018-07-16,1.8761187684159484,0.05445135280995409,0.19040550791087002,26.836221273581167,19.34403295368302,13.592126810401474
2018-07-17,1.7622188171197823,0.060816828580209085,0.21349740193264985,29.143631061051995,24.241836005837378,16.889962094596314
2018-07-18,1.7203945089594448,0.07014509943885137,0.3843222866836485,30.03160095174305,17.08342961738689,11.848703368806204
2018-07-19,1.8347952456425036,0.07104537815601572,0.2009938080945688,29.286135733709642,27.42386462508127,19.32563122396461
2018-07-20,1.5723625644222368,0.06282327386405966,0.31187849422998243,31.90452788448809,22.257292590178427,15.189247966535886
2018-07-21,1.827087124466225,0.05335472969316444,0.22753637692495515,27.377099472857957,22.312742960102018,15.589907735704804
2018-07-22,1.7667522293634588,0.06958858672714392,0.3494008324871261,33.36262321236364,20.754781757986038,14.190538744621254
2018-07-23,1.5731472276453813,0.055520487392150125,0.3099272348401319,30.278882638480354,22.767639905018058,15.578586142803331
2018-07-24,1.7454276843255065,0.060333912489907805,0.33087734772299676,27.675030422628932,17.737415376833987,12.349192388026319
2018-07-25,2.0195672158228963,0.0801785393685669,0.32990631399255244,32.68609188775862,18.66825689873005,13.013759837112188
2018-07-26,2.200823849058762,0.06958586761398473,0.5833030368976394,31.165665138491697,29.71142756118614,20.526773119890773
2018-07-27,1.9124123466480518,0.0630313231961124,0.41500216947245333,32.776163575645654,27.593591644473047,18.868650565032375
2018-07-28,1.882469074986365,0.05593649046243359,0.17909879781618243,26.80110692878549,17.72160122986414,12.475298899096678
2018-07-29,1.7089790905128739,0.06514282609034376,0.48639361972338147,29.533747544048797,20.296369539445095,13.979470015636501
2018-07-30,0.8463190353216651,0.0791517475387501,0.29517069304441584,36.44302367339704,11.112195496232104,7.399402025732449
2018-07-31,1.7908942238388383,0.0672418194708125,0.49285449704000556,31.98514920770896,24.507566486553273,16.7985664919799
2018-08-01,2.069295731616619,0.07734110495620015,0.3148423258212012,37.79862847202011,23.021539115296868,15.593432008138729
2018-08-02,1.8111657166796589,0.059909669763244515,0.38069725311515884,27.940613871923937,20.720186477752616,14.37055577594494
2018-08-03,1.8772800522120978,0.056104674515327316,0.1747747663746011,26.81328064843458,18.08165730264657,12.718684042126442
2018-08-04,1.8469317848895694,0.0542139455530108,0.2213854341795019,27.102689006057172,20.563750383365175,14.398743340790897
2018-08-05,1.793195335548165,0.053765730020096436,0.25488904875635493,27.55973491941485,21.6505108858447,15.095628526846868
2018-08-06,1.8332364567008699,0.053085014379768244,0.2120091525484045,27.47861149203308,23.507072302493185,16.42198395940912
2018-08-07,1.7754331018730813,0.07278807477419343,0.3559724859140804,31.449628104007118,18.726373522096846,12.958953696574413
2018-08-08,1.50086185007955,0.07648811066093579,0.33742362566820844,41.711571005100886,16.939242885448262,11.226128207857585
2018-08-09,1.7913323555082943,0.060835620732384424,0.28311008026605894,27.533228168653068,18.459210892867098,12.880117944741666
2018-08-10,1.7914057371672176,0.053731074604236574,0.25294229279478775,27.652766517919677,22.286223457147724,15.528050404449004
2018-08-11,1.6939618768004499,0.06580506025841812,0.4847379209486741,29.491465365838085,20.169192550930894,13.891594716678751
2018-08-12,1.8749007344441262,0.05365929692083239,0.19369255815851547,26.881941745114144,20.612461770205027,14.47052261020527
2018-08-13,1.7937835314405406,0.05455884275202805,0.27608960571713187,27.502657141691248,20.817049961679796,14.51118138985401
2018-08-14,1.724186741056415,0.07297708500336397,0.23455208071880582,29.79130128034549,25.901118506268727,18.163581764383213
2018-08-15,1.9645024061055092,0.07683254847853062,0.35327230023163153,41.50895813866193,22.41163455703345,15.011674377849385
2018-08-16,1.7973805023066725,0.06695470077104396,0.1933087591380582,29.049489166600825,25.824394954643235,18.14300234171725
2018-08-17,1.4983139322370962,0.064600349738167,0.32490162740860423,33.09266579007644,21.2470539282661,14.396981204573935
2018-08-18,1.8268772630783343,0.0574086910843354,0.39936669830830696,28.23141322939385,22.560372623941834,15.61325207180429
2018-08-19,1.8009368466488327,0.055642592567454685,0.2807293706649338,27.440112886121426,20.08900690405041,14.006013184598311
2018-08-20,1.8762075119792487,0.05282029384357168,0.17436635272558149,26.83193098461579,22.034937321942202,15.481606473391274
2018-08-21,1.9052764246703353,0.07485601078404712,0.34132164101962625,40.70342360367856,22.072466581205283,14.751226147037055
2018-08-22,0.8660310247526648,0.07771896343612066,0.29918836798113374,39.94147065557427,10.551363570976571,7.00530264207398
2018-08-23,1.7689763411140704,0.07052943174482862,0.3353543929082141,34.347584207993684,21.837431022350263,14.86914507473896
2018-08-24,1.8915228228113141,0.06195135730280669,0.2051332195401329,27.220381694228408,18.02330412722051,12.66184588865379
2018-08-25,1.984530012844613,0.06458484760669893,0.5540717980005059,29.415808416302532,23.992374438840923,16.58065691736609
2018-08-26,1.3106407204135848,0.06994403376657272,0.31397923042436054,38.05181943712349,15.427858600428058,10.252686855120112
2018-08-27,1.860700367779305,0.05980553091570854,0.49078645696878037,28.743497534152322,22.516084210489186,15.554957377809963
2018-08-28,2.2463895426821625,0.07069461786924898,0.5926727587405067,32.615276092120865,30.43886548564066,20.98612975228071
2018-08-29,2.0070443437244383,0.07445582052515325,0.3191728347966147,36.55151507219453,21.97457803835461,14.919253508289922
2018-08-30,1.8761364155622984,0.056259162097835234,0.14332331677018453,26.633483869495993,17.14568681865929,12.039649084280285
2018-08-31,1.84940924110451,0.059622782081879135,0.355786755483692,27.905879070430988,21.95848883085074,15.237264855523023
2018-09-01,1.8841134335441139,0.05506067048678217,0.16838814421565337,26.721338919066405,18.44019320754425,12.971770194825114
2018-09-02,1.700544325867998,0.06316336481813734,0.375508810206371,33.508865991195535,25.040721820874687,17.008379765056322
2018-09-03,2.1624277212532435,0.07844606597857558,0.32339460345804527,35.94889321650211,21.619227334441,14.807857924196005
2018-09-04,1.7231825041669926,0.05442331195550002,0.28067502107154174,28.474672152479858,23.06459525755706,15.964689767231077
2018-09-05,1.6695141042532404,0.06591656779640014,0.41459381751423213,30.848741209280107,19.644243189208044,13.493461734427552
2018-09-06,1.8807024559830394,0.0528173782320006,0.17229855941754987,26.759608217565997,21.41667642465495,15.06075489860712
2018-09-07,1.6385948438320808,0.06633437918314981,0.4403361744349488,29.458884604373978,19.013017772083504,13.099534331030497
2018-09-08,1.7920730278234507,0.05369210950023476,0.22345964333056728,28.49172919750483,25.828579542234284,17.93710889567601
2018-09-09,1.6671191071861735,0.05460512343879699,0.28889242049106123,29.09981225960871,22.99237536374209,15.853362975241728
2018-09-10,1.6684751443816117,0.0677096078387819,0.4373798691211351,30.871524350313233,21.16592023941166,14.53147902947627
2018-09-11,1.6873812051433255,0.06758825679251756,0.3841817550448891,28.577766261012357,17.068589184707516,11.849449498555728
2018-09-12,1.7144493884867007,0.059358109342593585,0.48618440566240134,29.381349706205143,21.52674281421558,14.80765022495722
2018-09-13,1.5419479616035359,0.0657035316532996,0.3473210711642046,35.18727829915181,22.709675481813427,15.260282429125821
2018-09-14,1.7272306833649835,0.054276057638856956,0.27646108714150824,28.384352707159103,22.8670669531224,15.840385080130314
2018-09-15,2.070036784805438,0.07739818774485539,0.3138040285568994,37.442867247213535,22.692143123374343,15.393543319071055
2018-09-16,1.7984879559585596,0.058307453577267424,0.3826260776179906,27.888831250416846,20.523540200763744,14.237052790708638
2018-09-17,1.8706773533615078,0.054786595032949074,0.19941004079079797,26.902137270609412,19.017154682515315,13.354868133453357
2018-09-18,1.5598108728833364,0.05613158152083708,0.3567329278223803,29.611010304398146,20.87285791029763,14.30728026899501
2018-09-19,1.715449372286894,0.06311638045462309,0.3517638573927094,27.926295996186177,17.357967536402434,12.067101102777421
2018-09-20,2.2401843489770568,0.06326243719310719,0.42989726880137985,31.9505883635631,31.185079042148086,21.425552549447538
2018-09-21,1.6731227552450143,0.06098584907904534,0.3218155040913535,32.02853443364322,24.082438426366878,16.445469848493005
2018-09-22,1.882906698824271,0.060531637689184264,0.4690798092615142,28.515689845277493,22.71754588056048,15.708809596746951
2018-09-23,1.8608393866660202,0.07355611802630486,0.3559271020500561,28.73405903021437,18.615683661992414,13.019764594085757
2018-09-24,1.7154701933804295,0.05433215793545271,0.2619492521794528,29.11888694628811,24.779029228798354,17.11573513593207
2018-09-25,1.5770973953542906,0.0568685620915656,0.38514038892485464,29.297175435955964,20.47061488654255,14.049816557180774
2018-09-26,1.8294842163384344,0.05405244775688936,0.2345869977107013,27.304653486020644,21.479749638844968,15.004986991530508
2018-09-27,1.1573251694759885,0.07690324276528544,0.32679105205485665,33.43872362134838,16.2772785367774,10.988689613097526
2018-09-28,1.9517152076854614,0.06580709693790357,0.23688053821368463,27.494176721020946,18.18633617321399,12.778698538734924
2018-09-29,1.8896759664231446,0.054810044728563094,0.16614584820254244,26.691167203287666,18.31980287927302,12.890203925611125
2018-09-30,1.8311601874101486,0.05564991611637367,0.23123749581147368,27.130464854737454,18.660773418467535,13.073124777502555
2018-10-01,0.8759551958537046,0.08008659404410413,0.3082806868671874,35.08072217584061,12.254916147491633,8.162236350340814
2018-10-02,1.811150354775282,0.0588564568631798,0.40578780562356126,28.011564748077415,20.84541970515967,14.446698052298906
2018-10-03,1.5330603381742645,0.056417130888694426,0.34633658883970864,30.174943782527553,21.486571140088916,14.679887411676924
2018-10-04,1.0482754538315333,0.0832744727525482,0.34481389542635565,32.21285937504073,18.758054994406443,12.70731879269707
2018-10-05,1.6236911939499459,0.05516911105630827,0.28190766491440883,30.27364019661144,24.306660438760723,16.6684277052419
2018-10-06,1.6658414030072681,0.071361894611434,0.3242668702202483,39.49471787751502,19.611720031664316,13.042062496440787
2018-10-07,1.1334820338675746,0.0759334992041326,0.3331071821948305,41.55145644569781,13.301752530325125,8.779297559523442
2018-10-08,2.3129934278284585,0.0710310311165635,0.5850280350025514,33.27031709506766,32.17190088392997,22.155797937442802
2018-10-09,1.7014165265545123,0.05437550973373086,0.2619174197274775,29.253546406164048,24.611620052840003,16.985981320394618
2018-10-10,1.885963590837356,0.05348313609456934,0.17182806426173855,26.67469792323844,19.692556655142003,13.862867398396968
2018-10-11,1.6907904052939766,0.06979287338014728,0.39231926488047825,30.040623671264292,19.74003393705251,13.635476419678819
2018-10-12,1.8686872884763386,0.056979517309687144,0.18852870931469048,26.927895477635264,18.23268203946119,12.811201485217316
2018-10-13,1.4065342980171753,0.07675138135749865,0.30716441243370574,31.31614549194137,21.18623254298134,14.5947439530255
2018-10-14,2.3688467729845564,0.07201753546117413,0.6099559294391677,32.86628863680963,32.57300515707417,22.461445226805235
2018-10-15,0.8811386959598694,0.07717399898918789,0.3004153157069483,39.62061291817296,10.700917650802579,7.108108473572749
2018-10-16,0.8761787686934356,0.0796221142845296,0.30620094610786536,35.31132174835026,12.040920885753032,8.021421558144189
2018-10-17,1.8859574968587602,0.054938044856224486,0.16268626935536654,26.67570213156024,18.353517965797547,12.914891030674742
2018-10-18,1.8790175978592063,0.05344858158329937,0.1823305936720593,26.831695087910276,21.078071406053095,14.80124197583187
2018-10-19,1.770334219198876,0.05853679377778727,0.44881855639720364,28.773360870997596,22.104281916308107,15.246881197986312
2018-10-20,1.7630361719989351,0.060953604751807104,0.305349304635928,27.574094966630692,17.11684213732399,11.945712142570192
2018-10-21,1.5785132297146995,0.05763161322186136,0.4161120074993018,29.138615949807107,19.805876093951763,13.603686529818756
2018-10-22,1.7756021463001692,0.054398885078594424,0.26567416315055503,27.82911709638385,22.20469001365049,15.43457251774438
2018-10-23,1.6584120813517444,0.05687475179154026,0.4005517168548077,28.44604892066189,19.681900810053673,13.592614969758877
2018-10-24,1.7285887518866203,0.06884894811708694,0.37296501069787086,28.696788009672478,18.078517945084837,12.560419868021608
2018-10-25,1.770361832539388,0.05740323161494548,0.3843278799827036,28.02864815027619,20.760249961402558,14.383407993173009
2018-10-26,1.7984595173917794,0.06524278536355106,0.18143844190917147,28.71400583345763,24.90719093402439,17.501275194272413
2018-10-27,1.8424130997608328,0.05318009836805342,0.20831340076134694,27.38442083681038,23.46726187453455,16.402149343567594
2018-10-28,1.8214687301167334,0.07137899528403667,0.3531317069020738,28.566323294006885,18.336532060952738,12.800805939877309
2018-10-29,1.3864378801030948,0.058782892106380956,0.4276018364472454,30.565110344154572,18.395220810230313,12.504698263323068
2018-10-30,2.2184128486964734,0.07969669870876314,0.3210981223603381,37.81156720863876,23.722631741801973,16.129632067179173
2018-10-31,1.7565751581506963,0.06387091045784091,0.20792355604264628,29.228013552974193,24.726569683748117,17.275959885017038
2018-11-01,0.8968989941873107,0.0768105831425416,0.30160306921217833,39.6602751933079,10.860579288385747,7.2108494817422155
2018-11-02,1.7995152991834902,0.05337175601501667,0.22903040468065075,27.90456055281162,24.085832673356812,16.77017122789516
2018-11-03,0.8977808436732684,0.08079602235102436,0.3196130397704107,34.064742081294135,13.390956495248012,8.928819844648032
2018-11-04,0.84894731750685,0.07850829755669922,0.2949537470700361,36.81960838336468,10.952434836856686,7.295126424461124
2018-11-05,1.8026881037477815,0.07015687606664531,0.3450635169602889,33.30213283956221,20.819855579126905,14.256645311259097
2018-11-06,1.24998259052947,0.0771445720243148,0.32567387282299837,32.48409314346921,18.286775444083567,12.443075089807811
2018-11-07,1.8014115421898627,0.06688724870808539,0.1899015146515265,28.95964942184324,25.651583589796527,18.03053254245203
2018-11-08,1.8023018978542769,0.0721586213209141,0.35855564415196095,31.191030623627924,18.592637256714468,12.881029440127168
2018-11-09,0.8488495599335435,0.08060363447347638,0.3084931499768834,34.77924289154675,12.234778048926835,8.135469607039163
2018-11-10,1.6975902697437157,0.06907643220422958,0.41492040860097146,29.90764118657141,21.031054392102863,14.508700905314365
2018-11-11,1.262814351167999,0.07041798528067733,0.3104116104255836,37.692124404127185,15.030414466123355,9.992532313677275
2018-11-12,1.858149529905441,0.05304451977461439,0.2023726385660487,27.101437040301654,22.18940765037977,15.549694781810658
2018-11-13,1.7677722090309196,0.05552641155373034,0.304767395898203,27.696875248274758,20.539871461537565,14.281335062172888
2018-11-14,1.2551678045671146,0.07064473382646733,0.31354599651078396,38.13647999722929,14.726058151482047,9.784780157887662
2018-11-15,2.030989743911162,0.06727089858038889,0.5151182537840391,32.285190049242665,27.932431381397276,19.199776068660935
2018-11-16,1.1751797650141638,0.0729547585351585,0.3194420945680393,34.88833128033082,15.371788427434447,10.30587902705076
2018-11-17,1.8237959951508667,0.05385128118002082,0.22622143755702007,27.720582867178933,24.051039349538883,16.751191221660353
2018-11-18,1.8817018684727398,0.05285283026304382,0.17661294653098106,26.76288770891612,21.184959929577225,14.90044019061618
2018-11-19,1.746728050487315,0.05733404558627114,0.39563308893463006,28.197328132235082,20.79229634735397,14.386520835904625
2018-11-20,1.8876123929211641,0.05553857586758015,0.17038108602162408,26.74034441816458,17.773360287421053,12.512008747358305
2018-11-21,1.9031607984345165,0.05866217835226331,0.16085078303051678,26.86613864263273,17.29326963132474,12.17193100966054
2018-11-22,2.0713011584061656,0.08053179040547359,0.31163057947480494,34.640905946996305,20.531639816622487,14.172320743237028
2018-11-23,1.6796485810947768,0.06776012917371023,0.42233817189160633,29.397010479948033,19.870594170135284,13.714555589727725
2018-11-24,1.8874429041414704,0.057160577319327825,0.14568319544504935,26.70397613082535,17.018959095684,11.959692814898164
2018-11-25,1.7513091988966578,0.06752593758672375,0.35153399747786424,28.32236985939123,18.391137078168413,12.792525751752706
2018-11-26,1.7715633619858469,0.0540353603612064,0.2563077520472019,28.03481704680419,23.263221970390948,16.15864381435484
2018-11-27,1.8823113932902005,0.052987994616587514,0.17168146636113635,26.7499713758952,21.265407800833486,14.949037843716868
2018-11-28,1.7900457642772698,0.06111416785278007,0.27934155390048665,30.46084729496403,25.504235495453443,17.606950450286636
2018-11-29,1.8855819554277982,0.05514553390226492,0.1497005413641757,26.6013571103506,17.724925794852123,12.465480149094954
2018-11-30,1.602453932459589,0.05875249858175204,0.46547213137097504,29.57405359315382,20.36540606601289,13.970626261424496
2018-12-01,1.8259503435423459,0.05388157114467589,0.2344665155814225,27.342055633502195,21.577768377015076,15.070092103876881
2018-12-02,1.719089699271577,0.07073808384903675,0.32032260733362866,38.686618789520864,20.355142640619775,13.582777698805925
2018-12-03,1.6372730852662436,0.05838713633867442,0.4578248988738847,29.326319221956492,20.689553902946116,14.214985077318886
2018-12-04,1.765574123647227,0.061629726577911284,0.3062984381329397,27.63120107831613,17.607511621559098,12.277981976399705
2018-12-05,2.0919666015716225,0.06823855766514528,0.5046425804346226,34.01850303236663,30.53524669676484,20.924163941167713
2018-12-06,1.9904750698384135,0.07441914701749557,0.3309055815450654,33.97425988042516,20.34266222732238,13.990934484447457
2018-12-07,2.0156080341039804,0.07747045136352142,0.32536669377415617,39.66533840639497,22.2514851454366,14.970395146334463
2018-12-08,1.7082457817551873,0.06228376357574894,0.35811243689264266,27.884908644025995,17.045794001383985,11.852094025806261
2018-12-09,1.5242978952219803,0.06369204379533838,0.3120850555866312,32.493753047667084,21.52562790218431,14.63714767086506
2018-12-10,1.849846864942416,0.060174124761046624,0.22384025499310717,27.21631610016968,17.60805257394269,12.352793390115336
2018-12-11,1.1251770201836329,0.08080927537229143,0.3347551284925387,32.46329865119933,17.783308310068477,12.062697085160105
2018-12-12,1.9182205430392232,0.058674634758347034,0.1497839267600155,26.80668410676167,16.869509538860925,11.87186117246831
2018-12-13,1.8893513351050344,0.07712449732169425,0.3657586206461601,30.19985460641572,17.572030646406095,12.298717504226033
2018-12-14,1.8912920133720008,0.05603459096687974,0.1645749948392371,26.72601863527468,17.421585370449833,12.268688427657844
2018-12-15,1.9589312400901346,0.07639559973969284,0.35391110844908263,41.5202693197984,22.633793615422068,15.154060805050328
2018-12-16,1.043152893511326,0.0763472319211435,0.3156524082586151,35.205016677119524,13.774777798170646,9.21430310982207
2018-12-17,1.8268762474152351,0.06047517094960416,0.17040502205140398,28.349110530070497,24.58744773310943,17.241136527930628
2018-12-18,1.4822202425973134,0.07572511529370285,0.340635515959801,41.61316913243422,16.7473588231719,11.095096446685313
2018-12-19,1.7479855683621222,0.07030546869679641,0.37441745885544364,28.91143160809266,17.684062801916596,12.303569993448116
2018-12-20,1.0534981839249082,0.07857034325794676,0.3259175103494866,33.738194488998644,15.008195076184398,10.088140109773272
2018-12-21,1.4723095290323394,0.07640039536309663,0.3393434433144735,41.760170997871576,16.563893446973758,10.974089811828458
2018-12-22,1.5224115549308257,0.0651412780015041,0.3435204861470628,34.91935037924725,22.200188189576863,14.922191724909947
2018-12-23,2.187700847026512,0.07783581626198298,0.3314905131319121,39.02352804576667,24.522555451921026,16.577492480556046
2018-12-24,1.8449038865539515,0.06686069486864026,0.497324283274611,29.942026755511503,24.10131308021203,16.61715377468858
2018-12-25,1.7923205957039021,0.058380184543507685,0.33935154537266365,27.691649279639474,19.836327128805802,13.7890256887707
2018-12-26,1.7390349738206947,0.06678027125511272,0.37535898382065247,28.633399665611694,20.257193584451624,14.03816291008226
2018-12-27,1.9391861146505205,0.0700123089985541,0.3254653990515991,35.66067224955922,22.99087536696318,15.592920036129746
2018-12-28,1.9347543956746605,0.060071807506896585,0.16354161227520797,26.94130468980625,17.030561149009394,11.999535349767724
2018-12-29,0.8988133286926393,0.0771357136634759,0.301388961014525,36.813987716051734,11.397645983501071,7.597109211330325
2018-12-30,1.8768207185754444,0.0528654990998431,0.17864950373142188,26.836545466818908,21.84686009745682,15.350243980947049
2018-12-31,1.3607376679965748,0.06793566598474632,0.31180166862237263,36.36378873751808,17.80704420041839,11.861308199042854
2019-01-01,1.7949081244072282,0.05714368376667283,0.32226389337773753,27.588430633460767,19.879485960332033,13.833524919949351
2019-01-02,1.8950634243754354,0.05805106829127269,0.14882393568248511,26.772284041375986,17.01707584789434,11.967168664569375
2019-01-03,1.73072151743724,0.06269019133152848,0.36727683119482923,28.076438318881856,19.015962753534517,13.186836803425225
2019-01-04,1.804847149581095,0.054050772209620374,0.24768520859097812,27.571131102436826,22.198026213779386,15.468362670337212
2019-01-05,1.8933048037190168,0.06016003529383703,0.19318506908726252,27.068101145808164,17.257843668278547,12.142284258442729
2019-01-06,0.9022411916527394,0.07676325888988246,0.3009492701307156,37.379744451678796,11.24928750012965,7.495311448748467
2019-01-07,1.7004560901362473,0.0642095117415257,0.3823138604872789,33.90467496480389,24.9685074282704,16.940984669382953
2019-01-08,1.8082722194676721,0.06727758749254512,0.19025673026872425,28.996131703959154,25.974686196700443,18.264991909914343
2019-01-09,0.8363636325803223,0.07766660457550272,0.2932461457702733,38.22542886951241,10.401761813991332,6.927908878586945
2019-01-10,1.9271364145984438,0.0612949676347942,0.3549923425090721,31.652913737307337,27.45960048966247,18.849896778987585
2019-01-11,1.677667212824895,0.06355620497427279,0.4151036713994238,28.412251116697554,18.36830338637012,12.704641192319343
2019-01-12,1.2856476637399448,0.07152660807751224,0.3186474759574247,33.64008122738509,16.89107428472889,11.411368147427945
2019-01-13,2.0319293592358916,0.0803117121841522,0.3299129354715809,32.88004246902806,18.349734966586187,12.791950279339511
2019-01-14,1.9041501812511112,0.059457949123523396,0.17702915378419878,26.965401735953332,17.1338555482222,12.064009426847212
2019-01-15,1.8127504050303245,0.06821334744997606,0.47229241927908816,33.11889974408939,26.14257031051422,17.877250504227888
2019-01-16,1.9017355691904394,0.06081645948184081,0.44698656588426333,28.436266455605853,23.27395116495502,16.101382324854086
2019-01-17,1.5165718729835764,0.05800006102108251,0.431977544214288,29.79367606170491,19.64459343295471,13.438889751630319
2019-01-18,1.254363589829309,0.0816236683511544,0.33069673762887564,31.575360389116838,21.40400897019441,14.703079611391313
2019-01-19,1.86394655400252,0.05392570628121767,0.20743315532255063,26.971891531072348,20.53785251721778,14.404958442853426
2019-01-20,1.4615807623198318,0.05697497129237414,0.38176908961019185,30.329147745705885,19.701059693117323,13.430909867500652
2019-01-21,1.7916979942240383,0.05844233911549694,0.3080986784483026,27.545667436828197,19.21775449624665,13.386172509806194
2019-01-22,2.0117191870546907,0.07912194085397292,0.3035786142129997,36.697301871919684,21.545001332464505,14.683750352933327
2019-01-23,1.6444775010242185,0.0743849217738347,0.25751880411062833,30.18289376507512,24.948283144071603,17.429210173039074
2019-01-24,1.8710363902671066,0.06025306667033311,0.20579405137261333,27.14697432947672,17.740972826407443,12.460886953190078
2019-01-25,1.871133513050976,0.05522462451305229,0.18811593618258382,26.847350590218408,18.949295415033173,13.316488753730914
2019-01-26,1.1777381568823289,0.07533259643902468,0.32717624940007767,41.084046232672435,13.605604567320713,8.990383486534336
2019-01-27,1.7654046348675336,0.062436105608029695,0.3131816095282238,27.759564468300482,18.394824723061312,12.809733038369846
2019-01-28,1.4238277396929935,0.05816987813510211,0.4074440801790537,30.519068974030574,19.283873547416825,13.117303860809956
2019-01-29,1.6508531991721176,0.0707236863572896,0.2477671750984547,30.035715965502646,24.16782638481432,16.845588541301005
2019-01-30,1.8851520760210243,0.05455188033532553,0.1670891622009049,26.674569432016167,18.457008574857966,12.993123528667448
2019-01-31,1.9029136114277272,0.05846623757099758,0.1472793625992989,26.7892567434448,16.985625426433327,11.94391957907621
2019-02-01,1.6937456675181888,0.06586666516593087,0.4778272354573028,29.459181122579235,20.545664236384237,14.149323013510546
2019-02-02,0.8016967022806735,0.07963313943866723,0.2922486466873146,36.112844721481196,10.821177783754367,7.192157873176554
2019-02-03,1.8704202636395004,0.05356259580372501,0.20174137718960222,26.896693855290266,20.254663027538545,14.224908338402544
2019-02-04,1.2510421810578032,0.07647363616305423,0.32800705994575463,41.48985709480873,14.357398185195157,9.483759137557298
2019-02-05,1.8197705414147223,0.053344267480423056,0.2256915135987483,27.524757631922938,22.994352132113324,16.048163694421685
2019-02-06,1.680469935147383,0.054900433998034376,0.28709370188205896,29.083053050647685,23.421480799250563,16.149407151391753
2019-02-07,1.5607049738054295,0.07585748352795298,0.27859515693062287,30.548525092540633,23.8291828577377,16.580077476177628
2019-02-08,1.423790794947757,0.0703953507879343,0.3079550211424242,31.914422367532786,19.754131706290003,13.497934544149436
2019-02-09,1.2210960528436492,0.07724120675682357,0.32717020370183436,32.517868543835824,17.78736086860319,12.086697592103146
2019-02-10,1.8570659443363873,0.055320526359592385,0.139941118747804,26.558632790549392,17.275361356822486,12.113246052765307
2019-02-11,1.4937957549399095,0.064812071466215,0.31658825767037096,33.17947841342304,21.037333107226328,14.25217514738739
2019-02-12,1.7898022590492153,0.055488110295714654,0.3056340693613509,27.595755292059916,20.533288346089773,14.29124377108058
2019-02-13,1.8268635516264942,0.06352275510272375,0.16346941347747834,28.37780887983379,25.243078354550025,17.7589280843742
2019-02-14,1.9277444159212558,0.06747445234742355,0.5155980025596107,32.20135776332355,26.49426637679902,18.194818671556575
2019-02-15,1.8166302380696082,0.057412068732712825,0.28100494346139476,27.40329652682759,19.625214501463837,13.690999585614186
2019-02-16,0.9351161748505239,0.08302701752275887,0.3356657258041487,33.106344504349536,15.64316681778243,10.473471145949741
2019-02-17,0.9126745908401851,0.08147137677116857,0.32304158814599054,33.845006276895695,13.960511506906089,9.31810510391196
2019-02-18,1.6325574249751884,0.0553119733679071,0.29587984933564443,29.851569593957638,23.78260594064192,16.329302473607356
2019-02-19,2.031114289598712,0.06587275661669958,0.531788793727371,29.705346583006094,26.218186285056017,18.11552783349362
2019-02-20,1.8248070877662088,0.058090317521356565,0.24059666852781433,27.22189261921652,18.45848289932037,12.9221882854591
2019-02-21,1.81137164237304,0.058411053381862664,0.43087107861775226,28.250778503914397,21.547421865163972,14.909885875743143
2019-02-22,1.4641193487575608,0.0580561984930535,0.41884725411884227,30.182641395135978,19.428296831414723,13.250568719530452
2019-02-23,1.978003615684357,0.06625195872089601,0.5556903589145753,30.0983353390178,24.842480192788443,17.148144154733227
2019-02-24,0.8007815263492706,0.0786665823382478,0.2877536494797623,37.07952833493932,10.344686753180067,6.886914075965903
2019-02-25,1.6013766947849055,0.05610858855126153,0.3571068563150933,29.162076470206905,20.97555267754625,14.417042040605478
2019-02-26,0.9397672135768865,0.0756531119026634,0.3017708681838313,38.22510731199204,11.441699678631347,7.610968174550218
2019-02-27,1.7844626642204784,0.07071109718200864,0.3569747557521155,31.92794886912719,19.639143566907123,13.534424786846484
2019-02-28,1.4949624979252178,0.06601065336032218,0.30525796112709436,32.10258754915302,21.144804759082607,14.41997761137533
2019-03-01,1.8784700284908022,0.0602292531871187,0.22643182374316975,29.298249490788336,25.94258296490533,18.05757313124686
2019-03-02,1.8571649714885676,0.07485919990016449,0.3233641282036348,33.84369764321651,21.044679057221824,14.447883393177586
2019-03-03,0.8545327662845584,0.07992703733364613,0.30230926434508354,35.592892800343286,11.693323221425281,7.783042363646695
2019-03-04,0.8669908898604366,0.07984757231372258,0.3021574432902166,35.656944027325146,11.790366411568028,7.8513330796045135
2019-03-05,1.6750118251307478,0.06801166572862229,0.43591438364150004,30.80791526492187,21.179579745531594,14.548853004654475
2019-03-06,1.74384451946949,0.062304589752025775,0.3754537408869977,28.094960822770133,19.46907547245315,13.495655144223138
2019-03-07,1.8447172584594573,0.05413807857833207,0.22063825579285834,27.231847723760957,21.555030039535243,15.064043690375414
2019-03-08,1.849873780014547,0.05342544787837476,0.21233391347479122,27.28891232289766,22.907803418212275,16.013503057121074
2019-03-09,0.8404603096913043,0.08125643140701194,0.30840945612705156,34.73402715989205,12.284105571362918,8.162798593503133
2019-03-10,1.9148625069171992,0.05940999554486939,0.4697462343930498,28.694039615374436,23.968975956079422,16.563948373507053
2019-03-11,1.5871094213134187,0.058344711269392904,0.4449836918597499,29.473840982647058,20.289307818668096,13.915981517747433
2019-03-12,1.6951809264353714,0.06607428963655247,0.22253018919824583,29.445587410191642,23.792409098074753,16.59892518990365
2019-03-13,2.0949595068094524,0.06512968459520235,0.42636968613076565,32.92506447545533,30.66633687980985,21.030773182293935
2019-03-14,1.7027889413174264,0.05620261835212074,0.3516419975022663,27.998450077323646,19.537824102328656,13.545332304195476
2019-03-15,2.0571913127150685,0.0654598125487202,0.42879859680904214,33.12113549135701,30.34473610342174,20.79466015847186
2019-03-16,1.6738806938328585,0.06756076294715606,0.3121468492030304,36.41251656258169,21.957505947875806,14.730977455643039
2019-03-17,1.8264558898500167,0.05932353093286811,0.4796158162117677,28.95454799085416,22.79980181639376,15.728388888046533
2019-03-18,1.8032738874402965,0.053950783727189665,0.2559740459550469,27.50873378811094,21.70765012744724,15.138573321047343
2019-03-19,1.8986701709988978,0.05834312866056198,0.14017901903004093,26.754145693295847,16.788152134105474,11.782074246758677
2019-03-20,1.828511338047203,0.05478493541798376,0.24412573177759017,27.2247747761716,20.132963411125328,14.076304163288897
2019-03-21,1.6759334124354652,0.067321239349209,0.3926131187168656,33.59793149397273,22.991931599413856,15.633389637490929
2019-03-22,1.990665379711643,0.06332987597914604,0.17920544064301974,27.163182014575977,17.800970863827004,12.54925173443032
2019-03-23,1.229069516004617,0.08075440982922988,0.32893624675128313,31.53087936368182,20.717522058046306,14.199367946657295
2019-03-24,2.1449913249962003,0.0677500174716495,0.5843965679901103,30.647933809246474,27.943527323340057,19.30363362560451
2019-03-25,1.6982830154563746,0.05636276455781443,0.3489602162413407,28.119351751405084,20.117077748416637,13.927944729316495
2019-03-26,1.7126175131292456,0.06479832985430213,0.4501589123740803,30.917690258083443,21.475882287736503,14.735206847148769
2019-03-27,1.7954683895643737,0.06414158170945713,0.302357958948622,27.716658284000047,17.35617047424677,12.122120234254334
2019-03-28,2.0599235734100434,0.07864436474078405,0.3289668042600915,33.422190425152685,19.28492244491993,13.377860571479488
2019-03-29,1.7256133033583096,0.07071961034293477,0.3763016192202325,29.311394472291973,19.18002902713596,13.308389806343346
2019-03-30,1.727169172268533,0.06618673186968296,0.21938728978286598,29.506627988996147,24.737535430371455,17.276473179951108
2019-03-31,1.8763367551086334,0.055557681355060944,0.18217116408538953,26.846988838008,18.84480358562889,13.240749969528729
2019-04-01,1.743274478555014,0.05432994600062694,0.28997065226552843,27.87353815924847,21.151430050478947,14.69924048278649
2019-04-02,1.8446295305592562,0.05347840420038022,0.22344475528455296,27.15475101360655,21.325328821303522,14.93095874946686
2019-04-03,1.5853780966027935,0.0557732480790606,0.340003000203787,29.540000124603612,21.51101852035352,14.760366236468728
2019-04-04,1.8166701028462555,0.05854455546505709,0.2894119392680025,27.495522913672804,19.910542128360937,13.875509270536075
2019-04-05,1.6241936297893753,0.07257735678127646,0.2600815221306384,30.271484838723907,24.105565516068136,16.78899116019434
2019-04-06,0.8935804419682715,0.07900568814488207,0.307651893122677,35.36411582640194,12.131188418074167,8.087217237386398
2019-04-07,2.2312449902086646,0.06471896573896847,0.4643185545680596,32.615069188306535,31.242709725238093,21.446366129854045
2019-04-08,2.129199287296906,0.08072776305134666,0.3114360478238445,35.47001829180288,21.072583031530744,14.494669961833058
2019-04-09,0.935247258869276,0.0766324812306151,0.30335387463442176,36.74290637188794,11.825227583651017,7.881638647516055
2019-04-10,1.788415244129249,0.05357930082411995,0.2392804336531128,28.017211772564167,24.0135100902758,16.70064357698024
2019-04-11,1.5204897933890837,0.06908565966343677,0.31110756488595415,37.82923969367198,18.97688215285951,12.62466640198599
2019-04-12,1.3259909446646885,0.0695769588008509,0.3182451902610463,33.78387278905355,17.513235540388692,11.818258893760444
2019-04-13,1.6824189926349182,0.05496431988035545,0.3091555035157244,28.566152631306526,21.74227291373407,15.0231110652335
2019-04-14,1.4091710863808171,0.07005255399761716,0.3159814669772905,32.54281956241404,19.963513286004474,13.58429244803147
2019-04-15,1.7262471406112097,0.07080808773596599,0.38068217999674936,29.39302198062268,17.915995677947755,12.441749518869827
2019-04-16,1.7229203361294887,0.05622838354253437,0.3365685500751601,27.984762796969065,20.292025416744313,14.066220828269612
2019-04-17,1.8243973946635332,0.05356156285937058,0.22826085309778682,27.447967982843313,22.610484985768352,15.784427994766146
2019-04-18,1.5440949464375455,0.07757173832870098,0.28584826748032327,30.69684942917342,24.331395715717612,16.940003058967797
2019-04-19,1.676055736359986,0.05576190693423357,0.3471905951255847,28.38147450378009,20.674222028779276,14.289574239619766
2019-04-20,1.0463404251905568,0.07780382950698735,0.324166787181641,41.64504286271113,12.393326608215629,8.18065279048821
2019-04-21,1.6967462537082068,0.06440085074241561,0.3817659639430728,33.79977341307802,25.723502750760957,17.463599610696683
2019-04-22,1.7254733322874392,0.06915857119578525,0.3768868592610712,28.70160873676058,17.399408156459423,12.097181773424035
2019-04-23,1.697852818654882,0.054391455314317674,0.27932826981523073,28.782211609959795,23.11044968231679,15.969798903920198
2019-04-24,1.7692268925048762,0.06739004300259531,0.20366855660447655,29.224914608264605,25.408448415082766,17.821833172299545
2019-04-25,1.7306189354642114,0.06518784546973906,0.3586529305410406,28.248536167353322,18.892170843325783,13.112738446331923
2019-04-26,1.8805396959713783,0.055128072097445795,0.17591240638792932,26.77197961601859,18.545022444536947,13.044333958816555
2019-04-27,2.0493639780825106,0.0750858528521325,0.321823092059557,38.34808856708634,23.43313603094587,15.799074098413284
2019-04-28,1.475845052280964,0.05806371057423252,0.41929554058722895,29.98817684897743,19.337090425804096,13.202692060602622
2019-04-29,1.8819071593766834,0.0536205415921622,0.16057965197154073,26.62112894427703,19.63094859672992,13.809054774600137
2019-04-30,1.7240000494829768,0.06945484300401054,0.3747598016593749,31.143459219564807,18.611665944458675,12.839661572631362
2019-05-01,1.872685954098239,0.053544361282178016,0.1978943801284628,26.88859759042811,20.605284524003732,14.46853557672338
2019-05-02,1.6502415160705706,0.06719385261523879,0.41773507184165454,30.663553729369976,19.216657921584314,13.212088797501336
2019-05-03,1.490020408241965,0.06898373806149447,0.3100152264822524,37.98743940439846,18.342367011747964,12.188740095826248
2019-05-04,1.8649444429975714,0.05320027131987991,0.1990760673718499,27.045621771203088,21.947570761386636,15.38270591675172
2019-05-05,1.9953249880954056,0.06397236471220899,0.1974776587852584,27.248042889202654,17.660524955151185,12.445881013919056
2019-05-06,1.8293247572318458,0.054972939256639354,0.24416138905906642,27.175805124038362,19.607243879907198,13.720303699234258
2019-05-07,1.8306391522402132,0.0608883035498436,0.19344540425651827,28.80043891350151,25.08332686385907,17.540203587906294
2019-05-08,1.8688439545094038,0.06123217045989037,0.21675969360653669,27.23926397353906,17.904659516471924,12.56650003172518
2019-05-09,1.6659613147319279,0.05493460878940028,0.31594365051787016,28.69466362146416,21.611650333596913,14.920777517991079
2019-05-10,1.9074613699126808,0.0745840330835302,0.35514940728180316,28.6266950595262,18.751396695746017,13.137593562881689
2019-05-11,1.433946410277547,0.07925593152781314,0.30437179337165154,30.957311679598995,23.434041896971276,16.24906045240627
2019-05-12,2.2829551916669883,0.08344171945490952,0.3212062252027375,39.52489815937525,24.65613584966745,16.742543260361344
2019-05-13,1.8669479654188064,0.05582551134585653,0.19778436487131285,26.952475518992234,19.262273960547883,13.51634701552157
2019-05-14,2.0605456670583577,0.0811046390392077,0.3180620302805913,33.76478228806987,19.36637153652006,13.446393382728374
2019-05-15,1.7206027833737427,0.054656980431849425,0.2725520702643755,28.830078873298824,24.142645509792303,16.68438482765106
2019-05-16,1.8334502537832702,0.0534628516166172,0.2250587922067396,27.336896216730757,22.166295230573663,15.489604878472171
2019-05-17,1.6400532725637156,0.06499868388368367,0.39364779678766115,34.42683627603562,24.279647660582064,16.419323557057538
2019-05-18,0.9661333832818215,0.07628928878809024,0.30659726836039825,40.1346160251841,11.60316204584397,7.681099079305179
2019-05-19,1.3230276840935693,0.06888501619720529,0.3118979473950784,35.24562056228849,16.555159358149854,11.103377957735
2019-05-20,1.5218952172027247,0.06770201078531664,0.31511594507571283,36.76111127183193,20.340623111896768,13.572073911920459
2019-05-21,1.382429184808089,0.07653089155166587,0.35028381288465155,42.24692737646649,15.846618092383206,10.479428277620146
2019-05-22,1.7897979424810433,0.05590806988807545,0.28978695763148726,27.397934818747224,19.006187102155085,13.26602577625642
2019-05-23,1.1403276666357258,0.0722915020442655,0.30969435207616497,38.065807189259395,13.510508805758898,8.977428081149418
2019-05-24,1.5698376894363482,0.05724714283591901,0.3947584162312894,29.15946447428328,19.907578809540986,13.669558938716058
2019-05-25,1.6408648508589914,0.0654179902515941,0.4123571148001763,28.690877413447723,17.538557613151514,12.127890833487358
2019-05-26,2.0465748402539763,0.0741642699895813,0.32388039793186024,35.92708792661698,22.442301972840923,15.27997813783313
2019-05-27,2.0606166365174206,0.06334075243178276,0.56393998149446,29.874870653455943,26.00579737683615,17.95423151508753
2019-05-28,1.8838072111196782,0.05710853179401534,0.16692195957363645,26.811290681812643,17.508354132778102,12.32140302363179
2019-05-29,1.984639958375111,0.07663460553777073,0.35912782630713797,41.6861943181658,22.887555295433863,15.339792872753353
2019-05-30,1.5883552590625842,0.055260323494802345,0.30621172143398623,30.02743190577716,22.690001318682693,15.549877345472774
2019-05-31,2.3380211440053618,0.07139222971761612,0.5926220077770215,33.27045151665405,32.510579252007574,22.394371601928203
2019-06-01,1.7740588462207998,0.06082270760026225,0.3229421837061657,27.71305064583611,19.038900968335746,13.245706969832751
2019-06-02,1.495236663483082,0.07988856082029011,0.2996102096606054,30.86701595573466,24.899588260863794,17.33637655085221
2019-06-03,1.8457213683909919,0.05877245644747901,0.4351160635829814,28.286747480070556,22.22098826716023,15.375465547746137
2019-06-04,1.723666848507466,0.07047942555438552,0.31636462852616426,37.440116876127455,21.53595184089491,14.43557092938534
2019-06-05,1.758258746695655,0.05512258341883248,0.2864060139886742,27.775231831336825,21.006649187786813,14.598243089882756
2019-06-06,1.6104040988482167,0.05568010517643885,0.3453263403250802,29.118618103115345,21.158401918148165,14.553925099441136
2019-06-07,1.8683819547571148,0.05484055509008556,0.14326993366596746,26.54166206526861,17.559392531735856,12.332360812134116
2019-06-08,1.907671485216346,0.077991830690259,0.3596412788222364,30.558353682650825,17.673399621880694,12.372453379845274
2019-06-09,1.8829988702505316,0.06181759233660176,0.21334885049009822,27.243858687861827,17.894078854596227,12.56690484680205
2019-06-10,1.6235401775428704,0.06569903077751366,0.45575034014162835,29.48308312564019,18.540544459042938,12.767452352563453
2019-06-11,1.9497285706632523,0.06184289814559299,0.5089386042537295,28.725519964832365,23.290977412011486,16.108491724275975
2019-06-12,0.8690928681233587,0.08063135668185711,0.30974370471488644,34.82333712545625,12.43341393044519,8.277112550340759
2019-06-13,0.9334613422670638,0.08298272571856438,0.3370905364840375,32.948377395681845,15.888053211229519,10.638971720284891
2019-06-14,1.8178326562212788,0.05886118610198498,0.2514896390012203,27.276880931987087,18.051461157220732,12.633445332868696
2019-06-15,1.584399632164516,0.07132447494088788,0.2726125683740082,30.68952147592755,23.421103049450497,16.23071809606379
2019-06-16,2.1816123276199377,0.06924210426391181,0.5053494336027108,34.42599680005008,32.42271024754318,22.227858989900874
2019-06-17,1.7977480453907275,0.06675757568853896,0.19133621642275903,28.9842044238851,25.615765207055116,17.99857331818073
2019-06-18,1.0047787928992724,0.077226015305277,0.3154939245975208,35.07961649239969,13.371548223966842,8.943862825821514
2019-06-19,2.1756882186775597,0.06638494831498916,0.6011081117507798,30.267031794210315,27.318201037802016,18.88116808221323
2019-06-20,1.4858400658831792,0.07452223698837346,0.2937872357630558,31.041107724404135,22.071865115504202,15.247582348282851
2019-06-21,1.0914060316954441,0.07671745351683959,0.32110682076291275,34.46815114596786,14.889493619592113,9.991319191371753
2019-06-22,1.7027087039325828,0.06342085208846904,0.24145984617905278,29.83902687387534,24.145839879460837,16.759712182150935
2019-06-23,1.820787347134998,0.05884007314424213,0.4293615870352573,28.18850704509341,21.441804121307054,14.842911470247694
2019-06-24,1.755608945148554,0.05941685174621414,0.3418602633804726,27.689343685861278,18.415087515734868,12.809997623387408
2019-06-25,2.0693223927729756,0.0690441135262409,0.535990512879321,32.800304111129506,29.159705640817688,20.050828329824792
2019-06-26,1.5514399680558282,0.06851560980438018,0.3138287048762601,37.65410945235477,19.116755935624546,12.737940539704597
2019-06-27,1.7842427096805387,0.05764432188941981,0.2842791208957737,27.36503184083341,17.527316805994147,12.253171839302924
2019-06-28,1.6305563147538147,0.06487831267409486,0.3082849229686777,31.623344282949937,24.014505809408995,16.462862344622437
2019-06-29,1.4037337339787737,0.07078894772849392,0.31606479068233195,38.959745003028225,16.623667768492307,11.018599626407813
2019-06-30,1.8507002758615938,0.052930702052600656,0.19556119300570649,27.367060684286702,23.981683752751614,16.774571276737213
2019-07-01,1.3090523502841842,0.0766820572488592,0.34363537497728647,42.06623840719476,14.967465946042099,9.892017788430593
2019-07-02,1.7451309837426268,0.058585530694704895,0.45530365763400016,28.667758877377985,21.173167167614906,14.611152192889602
2019-07-03,1.8117305523207512,0.05458459997628984,0.25101655283187607,27.432683457756422,21.103321963077065,14.717637079057567
2019-07-04,0.8915979945563469,0.07682683409228203,0.3015456967696646,39.3737213176079,10.82172423734864,7.190500248041529
2019-07-05,1.8733684797009613,0.053047076909352966,0.19119876932391972,26.923743563832346,21.59641564748543,15.160635742736742
2019-07-06,1.6678004266889652,0.056200618848010524,0.3586205839990786,28.428356667748332,20.4574394869625,14.130243787894155
2019-07-07,1.754311879891818,0.062259328732691514,0.33390276729462004,31.962429982822307,25.77260288982224,17.64362193372072
2019-07-08,1.7631063162317302,0.05610248647895704,0.35725084263856316,28.06996829164319,21.431852431185842,14.849227114616898
2019-07-09,1.8130862086425268,0.06347201602631196,0.291649505653236,27.610837525837887,17.01756362190802,11.899526181904584
2019-07-10,1.5005381074666517,0.06728174051303433,0.3045096517424802,31.948166139290834,21.51175018137404,14.698318404000286
2019-07-11,1.8531009225546504,0.05997613933414361,0.485317444308861,28.49326779752543,21.684145287945913,14.997312703096124
2019-07-12,1.9728795953484444,0.061360892851984664,0.5253252842700151,29.156109864987826,24.505763923186926,16.926609765378817
2019-07-13,0.8937934773033475,0.08249936617914436,0.325236690698324,33.75492931757391,14.130207352770682,9.420769382426334
2019-07-14,1.8429803476017859,0.0548116140604743,0.23390496480717005,27.13297537554195,20.131175517654132,14.091228081204477
2019-07-15,1.8784062956313217,0.06068090213147332,0.20512427437436465,27.143928758044076,17.51308334022653,12.308276960910543
2019-07-16,1.4747428039024608,0.05940170809157856,0.45957126255864333,30.16687848734461,19.188918983595816,13.095449138359342
2019-07-17,1.75915272065986,0.0658081245714901,0.35493846587846783,28.351455000680048,20.1882780845188,14.010855090419696
2019-07-18,1.8034894619331205,0.054100539415508464,0.23987478336851556,27.904704858338178,23.958971087588292,16.659921296927283
2019-07-19,1.6894522056817194,0.06470587735150597,0.25645153273467713,30.228142443197076,24.39218776121207,16.8987754215313
2019-07-20,2.0273846477402357,0.06203798920399648,0.382436645739698,31.828330612889626,28.561472817881622,19.609675146643113
2019-07-21,0.8683460383506628,0.0774742565287139,0.2962550733351238,37.52437680719149,10.888430084324751,7.253398721341435
2019-07-22,1.85934712365739,0.054380446092483714,0.2100188634467651,27.020965952971444,20.27490931658006,14.207092506245015
2019-07-23,1.5584159865743508,0.06844696812941448,0.2769276752134207,30.736650738400165,22.247471095376653,15.353454720135163
2019-07-24,1.7316731937612733,0.05455155106771641,0.2759999484234545,28.442285116243188,23.224273398772272,16.077522047970355
2019-07-25,1.8624699068140413,0.0545217842136984,0.14212009943815515,26.514054243571312,17.64776581384597,12.391344750099194
2019-07-26,0.8970818135451828,0.07678119069765978,0.297518439195595,39.11785773508116,10.938646969154199,7.265744258260873
2019-07-27,1.1058088961906858,0.07711433782272255,0.32503424206156867,33.732913170298374,15.382414932732482,10.355968939650493
2019-07-28,1.0485390818847424,0.07777160642282067,0.325383761561714,41.7154402382148,12.463175480227257,8.223141175533389
2019-07-29,1.431393414119597,0.07382396394940413,0.30529433813455203,31.591254423847865,20.898183650534236,14.35180331282524
2019-07-30,1.0331875245758213,0.08176561455529237,0.3354188392289446,32.85974876306039,16.56812937919782,11.168800572102445
2019-07-31,2.06886610612562,0.08175438759197497,0.3177758261032057,33.78393472841198,19.634335508772278,13.636856230545405
2019-08-01,1.8163421706230725,0.05823429774959604,0.4104514860375436,28.134606624671456,21.599338624093722,14.955537374673275
2019-08-02,1.5785678216062864,0.05800169939297627,0.4383324161756584,29.402955340498732,20.035401273441714,13.746098092596368
2019-08-03,1.8941194924825338,0.05624644546412496,0.1540378568910129,26.682983959751965,17.24286203785837,12.13606783345511
2019-08-04,2.034846978446487,0.06750043793470457,0.47014060310363326,34.228671841604836,30.488337873291332,20.852932362739693
2019-08-05,1.7930062952538097,0.05426720989955383,0.26467072118735024,27.468320333522687,20.702729302526162,14.440602013494281
2019-08-06,1.681260882785954,0.0684131411933453,0.4125124316669526,31.278443531607834,21.026114304911683,14.435176697709172
2019-08-07,0.8457832730367901,0.07836541665741278,0.29583156600409527,36.685687583284505,10.92953879800401,7.281596869588095
2019-08-08,2.2196066337118,0.08087727709972652,0.329587681018807,39.99649916303489,24.63484433059662,16.659422554169183
2019-08-09,1.762728997390344,0.058442652450802386,0.3565358874122849,27.71960896960701,18.86209022332424,13.111658939460272
2019-08-10,2.2284304608026475,0.0688901941958971,0.5414911112280221,33.50196568309457,31.37380724323067,21.557187564459852
2019-08-11,1.0553975373995221,0.07765986521105155,0.32282120805049974,41.61250361379577,12.48364915264357,8.239270278203964
2019-08-12,1.6721484169380776,0.06817974091077428,0.39380440916120396,28.939013731545508,17.76064515580128,12.304929960438386
2019-08-13,0.8699110482287797,0.08028741542105988,0.30633314948884044,35.152988274966745,12.17265104297388,8.105039684169368
2019-08-14,0.855035202123988,0.0773350533361906,0.2969751900248684,39.49456895948305,10.430490969902339,6.934569806404067
2019-08-15,1.9146846389169363,0.06237588681093599,0.20532676413831893,27.222537711045288,17.635996890463264,12.400548339935085
2019-08-16,1.946133885039094,0.06124928175402882,0.16431200696565007,27.013638658654912,17.450164159935568,12.293196937834605
2019-08-17,1.7471386322952025,0.061585442739868615,0.35236053079485197,27.90366506783175,18.934717206729573,13.148211359636452
2019-08-18,1.6041090824377677,0.07590879882268073,0.27136158180041636,30.4506727669477,24.72951649893603,17.24971040542472
2019-08-19,2.202933508273873,0.06543514403187567,0.5850014668320398,30.371842413686572,28.8042339102691,19.892214903496775
2019-08-20,1.819685225714382,0.06299057632948382,0.1692561131855677,28.48643140557094,25.28146213520549,17.76612215100171
2019-08-21,0.9015085176844898,0.08237858869581205,0.32320837950126957,33.92627335087468,13.958971167915522,9.311670396284855
2019-08-22,1.4938337153482455,0.07224896279347437,0.3189612559216959,39.55801858397292,17.650648448242606,11.703144567244696
2019-08-23,1.6664529591509274,0.06769173710483531,0.43510975055794493,30.472515615805495,20.382027057215886,14.014614843519249
2019-08-24,1.574523197229143,0.056192270320888964,0.3472528000139732,29.6023374763591,21.390923423722146,14.664627470789041
2019-08-25,2.162554806098542,0.07780258678730131,0.32351247401019173,37.81103611158669,23.380949712692768,15.863220090070996
2019-08-26,2.0639185572532086,0.07704372585287,0.3347951041299031,40.260387187125176,23.812855264437665,16.00255452909436
2019-08-27,1.8827129610880817,0.07658280430778112,0.3575781740148833,30.594735807506304,17.84307896411324,12.466373123529227
2019-08-28,1.638468203339388,0.06851956101568961,0.2505204354311285,30.109470586019153,23.66095033391415,16.444006693345887
2019-08-29,1.8471166355736401,0.057657173947711256,0.21670244454561977,27.08837837854221,18.117046590954892,12.70970402663039
2019-08-30,0.8936923553460244,0.07848424243354586,0.3029765737113962,36.0831494116189,11.759392761699335,7.836897321046335
2019-08-31,0.861940822493941,0.07786132919092188,0.29813337307406446,39.94674472605174,10.50343702352715,6.9743356116185335
2019-09-01,1.7539623013488315,0.05371386506089217,0.24393356494056848,28.469222147867267,24.250447234289418,16.81969360563222
2019-09-02,1.7838025466848844,0.05381023159962256,0.255856154839301,27.727825159609957,22.19798220409394,15.45550648433388
2019-09-03,1.5704406759226073,0.06343898039465826,0.3275299844381138,32.70708076418528,22.959628490297348,15.607689171810051
2019-09-04,1.1592775913475404,0.07387237690948052,0.3205456401334507,34.46051876736459,15.241468413884729,10.239536979747287
2019-09-05,1.7604093498294557,0.06957579043191531,0.2150295340381583,29.47775304616839,25.850833773174216,18.134173139681206
2019-09-06,1.8134750806516673,0.07345542586712887,0.37048101013662155,30.06381996099674,17.516338223212554,12.204952542777354
2019-09-07,0.8619992866010938,0.07721000599547552,0.29750087788164997,39.34672498234277,10.515845921085697,6.991702972171298
2019-09-08,1.8225471104124034,0.05748974402385777,0.2450424570418414,27.188707619543038,17.962889831526113,12.584446833466405
2019-09-09,1.565098605415066,0.06361261860617401,0.3368398456429319,34.07249109039147,22.27788912296661,15.042186322074626
2019-09-10,1.269127522556348,0.06999572878120454,0.31411836373835617,35.29337383085083,16.125832040477263,10.802710158403082
2019-09-11,1.8376022845331634,0.05367860156210902,0.22759329696828057,27.219348493015428,21.437382981656743,14.99568550523812
2019-09-12,1.8721006782372738,0.054232445612952235,0.19988810335121324,26.912769095591173,19.91339175549349,13.976068775235744
2019-09-13,1.8113588196264112,0.05372717384522208,0.23942248699823274,27.584815747074032,22.71432583857543,15.834217603370947
2019-09-14,1.7410961986017577,0.0557585558396956,0.3044622320821086,27.736520391246735,19.72380169807094,13.710469074131481
2019-09-15,1.8056330189041698,0.07126561570037378,0.37188110336995067,28.618921670043097,17.097769439894332,11.93635773927429
2019-09-16,0.8358287590006592,0.07927596108890661,0.2984123799916365,35.91010336381996,11.21531202296624,7.465378945711688
2019-09-17,1.4948152902547645,0.0650312919985223,0.3241585823054536,34.56072083500183,21.18237802803113,14.25069479421413
2019-09-18,1.7375891773988568,0.06486620146792393,0.4145780452334407,33.160758889660606,24.634508756745102,16.780741399346756
2019-09-19,1.8721586979918208,0.05334418516352077,0.19651065552030964,26.946684188978924,21.228681718329778,14.894222442703477
2019-09-20,1.5794301195775826,0.05600218200583694,0.3296132827001438,29.939541274022115,22.37444270535878,15.322600138312179
2019-09-21,1.7550189718457543,0.06485174290234605,0.33528801360913374,27.92066676279174,17.285375393998077,12.043594046892133
2019-09-22,1.734587004235246,0.06233933545093975,0.4169907312317375,28.339293141759164,19.81234368397526,13.703223413425548
2019-09-23,1.554969905157407,0.06967524252678921,0.31291378920876195,38.34936425429829,18.973768467614285,12.61542047854729
2019-09-24,1.882697599183705,0.056143583856266284,0.15368185985703542,26.687479834672978,17.323795849391413,12.189163431854347
2019-09-25,1.8423496208171273,0.05696014893919586,0.219117042958667,27.07411848858681,18.290090840387077,12.829875895756834
2019-09-26,1.6466112187589934,0.06815585042142548,0.40561655196719776,29.735409575442905,18.119714678134983,12.511211023530354
2019-09-27,1.1158136855502316,0.07336530744681993,0.317234592165227,39.5382599286334,13.000539240719336,8.61684103581534
2019-09-28,1.7600368553877914,0.06169823813906371,0.35484498375528956,32.40454653401005,25.596206569348674,17.477822378315725
2019-09-29,1.7561480718174451,0.05533591696493479,0.3000514633779743,27.732877829827512,20.448004910645263,14.214340812801122
2019-09-30,1.5205079483669837,0.05754439448081983,0.4182767581788216,29.741589673769766,19.717537652842626,13.493902268481792
2019-10-01,1.6916563850440076,0.05573162228034638,0.3368236620901512,28.253615853674017,20.69964679080813,14.321081023511038
2019-10-02,1.8749499941044416,0.05318391946554958,0.18187498656226228,26.9743941447247,22.65271594642645,15.882149825152462
2019-10-03,1.562018607066472,0.05695112063378451,0.39200098148792367,29.43380904814956,20.31608771226127,13.931974359133964
2019-10-04,1.8323217251220727,0.060515798323955226,0.240291463584521,27.36398084852812,19.14823202940207,13.393787266611628
2019-10-05,1.8055162176477517,0.05376019088918818,0.2454919978897956,27.52290999403953,22.043390849021396,15.373768234858478
2019-10-06,1.5851362418272754,0.07180876652007243,0.2662224092759521,30.35453168086377,23.121950880113037,16.057937464970422
2019-10-07,2.2881066349065815,0.07047994866502258,0.6242270263422597,31.60105929250164,29.994585877338192,20.722560741186236
2019-10-08,1.8718000419598844,0.05384540747073555,0.1974549154442476,26.928516848007607,20.626950125400846,14.469735469778023
2019-10-09,1.629871948261725,0.05516731070599388,0.31039953959269634,29.39813000090521,22.570768078391282,15.520476658321295
2019-10-10,1.8800185338435558,0.05870498048606495,0.23659505376228043,29.265365621825527,25.42176501240362,17.66527821740816
2019-10-11,1.9087460567753938,0.07230733078795874,0.32404877268429827,34.89849262976025,21.846759241927675,14.896381456446782
2019-10-12,1.8503370493457105,0.05571455347235103,0.21683024731630887,27.00065577377015,18.36657050500573,12.892777014906917
2019-10-13,1.619663010619222,0.05704083543573388,0.39960350871977207,28.9966081098756,20.539369017628736,14.127492103711512
2019-10-14,1.4844505118054647,0.07039906567007266,0.2957400991136648,31.39208116858986,21.28950677108832,14.622481723341602
2019-10-15,1.829534491661849,0.05416022448042933,0.2355485516217912,27.28421613345576,21.133037669436792,14.765716145523832
2019-10-16,1.5808543966375042,0.06516688917964894,0.32976228654188366,35.34778755723255,22.766789051099458,15.297811168016803
2019-10-17,1.740441794171097,0.06656376718058066,0.21222233538408178,29.352420731171094,24.841225916753267,17.379703670403064
2019-10-18,1.6629616807260654,0.06847744928171355,0.329190207204704,35.77866540951178,22.72823473291289,15.306754141610396
2019-10-19,1.9129091328614916,0.060653973882892,0.18644452681788345,27.061287816380744,17.301578293189348,12.179760080330198
2019-10-20,1.867094347862991,0.05965390849247674,0.20036910650635234,27.116398031080145,18.269395285806645,12.825171574144584
2019-10-21,1.8619048172571744,0.05911962399976882,0.2091971625756521,27.094942632677217,17.24986507905478,12.120530078298788
2019-10-22,1.885364476566663,0.05334471624030968,0.16231776965291292,26.60152381947489,19.540541700404873,13.761119906968446
2019-10-23,1.8827501597490932,0.06044936858381531,0.4517435639126282,28.35362419608383,22.502928982014968,15.571470128756001
2019-10-24,1.3329107208390876,0.07416807781015775,0.31925708386363216,40.35996722546073,15.50514877675365,10.250784488843845
2019-10-25,1.3364714452283635,0.05866140829091941,0.4165082269338373,30.76831229342798,17.661836077030063,11.98419735629966
2019-10-26,1.6395926058692447,0.07657736608146276,0.2663913803727747,30.37920133661166,25.72643856352751,17.992620155285582
2019-10-27,1.8844888480171886,0.056554592149350116,0.16723604799189967,26.778885195554313,17.574869271117286,12.369570726078937
2019-10-28,1.8893765997246292,0.05351065914915424,0.17554888307654676,26.715174635043823,19.93123951667826,14.02031665064771
2019-10-29,1.1634744382316897,0.07426180224186334,0.320596041515745,34.4485954408666,15.41642525089687,10.358858208042271
2019-10-30,0.9998146125436104,0.07784848509878226,0.32246251718499197,41.568157668876474,11.995336020316651,7.917687033233777
2019-10-31,1.7964271755301022,0.05665158270330746,0.28278519595807544,27.3888831063348,19.027872874658026,13.280868995741644
2019-11-01,1.6646899584473929,0.056447521757939385,0.369742941424542,28.51067736974999,20.488024384609766,14.141564057870543
2019-11-02,1.711313465188702,0.06431005254381687,0.35689200782785924,28.01202402183089,16.895515595485033,11.75046824348582
2019-11-03,1.7563791986514772,0.058774700246912136,0.36682196437461306,27.770664792046553,18.7990518501352,13.061070284102433
2019-11-04,1.5774679219487002,0.05908352936581103,0.46888478408416656,29.823114389122654,20.222842191225038,13.85320739940578
2019-11-05,0.9421108561784958,0.07755034655564398,0.31112014980882813,40.85782524566039,11.337083155118302,7.500589919848826
2019-11-06,1.8853963429964031,0.0530103396724806,0.1674618774412493,26.64801919191761,20.331945868916563,14.31464631588393
2019-11-07,1.8224724591746058,0.05944993517477884,0.2619771775475294,27.40905688716168,19.525756279832304,13.632702245769684
2019-11-08,1.5240225870431292,0.05751323355023095,0.4112965471576514,29.704434624792594,19.831427383826277,13.572593821479968
2019-11-09,0.9172976988313172,0.07670956968190831,0.3066195181750218,40.03375239248447,11.08581719101861,7.350357223952085
2019-11-10,1.8773949491002049,0.05290159373380089,0.18079619957060944,26.800768239102155,21.3032964725277,14.978269196457108
2019-11-11,1.8038652572798572,0.06261329406787927,0.18936392047065345,28.843277887008753,25.068724816975855,17.558044555640496
2019-11-12,1.3889898605979456,0.06997167100266723,0.31144151774130274,37.81941242142047,17.921837963690557,11.885321935236773
2019-11-13,1.7806783669914714,0.0709601642298523,0.3705996004147494,28.760426746884363,17.611373471456883,12.274287046629452
2019-11-14,1.9451125088348713,0.07920801246915042,0.3485611179028798,31.234189836796848,18.26902487095415,12.779377199304967
2019-11-15,1.6973939293708347,0.06776398479119766,0.22765595425585738,29.607187196338387,24.29491902143142,16.96097803623502
2019-11-16,2.263760682585076,0.0822751322819498,0.33097512763846365,40.355796202706806,25.42662441517148,17.214409472381607
2019-11-17,1.8329520710330691,0.059645982171402365,0.23325692353355829,27.251804057903982,18.15932706250912,12.72145689311049
2019-11-18,1.7495554661189043,0.05994197516431348,0.49400128785509667,29.530667049360865,22.295804732416443,15.33480544517231
2019-11-19,1.9524773358835903,0.06221230719380205,0.5404069160097092,29.84694325102631,24.90657479842816,17.171477907432013
2019-11-20,1.8799993632025567,0.053679289306550644,0.15109055843376581,26.52821924770103,18.644951936550118,13.124127508412876
2019-11-21,1.8961649110066143,0.05758275415728229,0.1501859451296008,26.749371750191237,16.944535050123005,11.920257740955648
2019-11-22,1.5649893581529488,0.05612434559958828,0.3665045652168356,29.508851875535562,20.723666910376544,14.214625241695002
2019-11-23,1.902258889602348,0.05773719128749527,0.15622014832087833,26.787247008942515,16.989789842918544,11.960486569950849
2019-11-24,2.3072776567793225,0.069192753953303,0.625883424279349,31.09878644569039,30.217146524106493,20.880549746872806
2019-11-25,1.6803886820994398,0.05591478800945506,0.35253404644715686,28.415541150917196,20.775354452194602,14.35526408485495
2019-11-26,1.827488565306219,0.05325671681638846,0.22106657500616225,27.51315981652139,23.356845241227255,16.305623437460653
2019-11-27,1.8032674125880386,0.05319423828755797,0.22572848695059047,27.808708736710148,23.868883261482722,16.634224800021673
2019-11-28,1.5705704268835414,0.06300976678925084,0.32184994812046125,32.36641429281423,22.55321004763569,15.3538846707887
2019-11-29,1.7542677620259428,0.05438735009073946,0.26532063374851356,28.361845657521535,23.82434545981255,16.50969918443125
2019-11-30,1.8282473925992753,0.06714855707591325,0.3238463446111424,35.19242980877111,22.99274944606837,15.565565914089108
2019-12-01,1.8252150034584607,0.05312217116730383,0.21388218800588152,27.635016938153097,24.080507501417983,16.805088512662806
2019-12-02,1.8268047701246228,0.05881093827160292,0.4150328709264579,28.10137418208513,21.49521170833125,14.888176675052188
2019-12-03,1.4942278561097133,0.07052131158072629,0.3098189674889366,38.18639389511392,18.927875534379794,12.570749267107225
2019-12-04,1.1669217892275074,0.07457839304803206,0.32111525183869427,40.644859281352616,13.634430911287076,9.005783657481528
2019-12-05,1.8249614685573006,0.056573341815382344,0.29264402301427195,27.457206172260374,20.481864862384384,14.272549516664744
2019-12-06,1.6609922464976004,0.05885602403559683,0.4648939035175546,29.349323763249537,21.046780519701816,14.46267766443456
2019-12-07,1.953412888555923,0.07443733905289943,0.31565203811382475,37.03867207983121,22.11824032154169,14.966947603555631
2019-12-08,1.6866670670266382,0.05712391708858986,0.4152562327438716,28.55780597329326,20.45523350147958,14.118299097276324
2019-12-09,1.5608874757685829,0.06853207584022011,0.274776702145544,30.693182487368432,22.330867615557715,15.41880986532313
2019-12-10,1.848179527007046,0.054431724211836244,0.2271944659566127,27.06183275094907,20.07551976919846,14.067734254570068
2019-12-11,2.107699730811158,0.061621327598494785,0.37383236275980114,31.350310319550882,29.21102460152015,20.09329290221839
2019-12-12,1.513440710606356,0.05775620914730588,0.41413940309320424,29.805005692863045,19.756535735357424,13.511117492649456
2019-12-13,1.5398622339502024,0.06681806267941107,0.36349874275550464,35.43892539279981,23.163352991695263,15.559943482465917
2019-12-14,2.246887344558701,0.06794690091421556,0.6091830259895906,30.719146939279273,29.092427667930796,20.104410764656343
2019-12-15,1.2483768906484376,0.07018953728916283,0.31158459926639603,36.469950162151605,14.96916215266862,9.99901596953263
2019-12-16,1.1854262187123963,0.07127635938381328,0.31125299066138673,37.11332218532759,14.089104140302103,9.392044709994725
2019-12-17,1.8117629265820407,0.061698750628165,0.26448632739092715,27.469526833153402,17.886980459081354,12.508231796232609
2019-12-18,1.5673272241706808,0.07273331810187358,0.27519471899551484,30.616006046763278,23.204100459206497,16.095458266310878
2019-12-19,2.1477941742765756,0.06982945129398298,0.5277148567825106,34.03302912977741,31.522655334352663,21.64069059600239
2019-12-20,1.5331959291980195,0.06664296135134187,0.28751235620361326,31.22678149417088,21.63895650967854,14.856286242885451
2019-12-21,1.5263765767125625,0.056219992529269694,0.33558598016541463,30.42920353102853,21.759816274594513,14.852128289334464
2019-12-22,1.7222235912433768,0.054858757747025214,0.2836992890815948,28.470321242014744,22.931653000249586,15.86385112533788
2019-12-23,1.5530555706520783,0.05583756147819675,0.332426629870461,30.051076267464218,21.708544991051284,14.853402266194024
2019-12-24,1.7207044131626152,0.06409370779232147,0.35312282342710394,28.047066543327958,17.945707716833695,12.467184076608055
2019-12-25,1.2228570222209851,0.0816632123288561,0.3331438882198796,31.762489074877365,20.543522431692594,14.0729505481913
2019-12-26,1.645897017163362,0.0640717398009485,0.4279561883932656,28.500369738005972,17.76191043425782,12.276786052120325
2019-12-27,1.7824371146057778,0.05524080376742622,0.28390617945583513,27.57767361190345,20.50463253965451,14.275900485912167
2019-12-28,1.6665354817777445,0.06606550031569614,0.4546298912974548,29.344707963187734,19.666908177212132,13.551584448160465
2019-12-29,1.7197895546259307,0.07055830904522521,0.3601085660565308,33.07209665164255,21.75645503486867,14.88025103085112
2019-12-30,1.8338410301607218,0.05325648048721739,0.20758571666699832,27.741043941200235,24.86700092252879,17.343446262521468
2019-12-31,1.8117859059596622,0.06975070588310839,0.352409204834791,28.342614145658025,17.7180401128169,12.365174646012145
2020-01-01,1.488613968765225,0.05878431008140733,0.4520522029770326,30.009657945624816,19.191473379088507,13.112037296035384
2020-01-02,1.884565911454847,0.05432524066027725,0.15577788698713557,26.595646828646732,18.422836887846948,12.965457196306087
2020-01-03,1.6127051470785998,0.05565204838968111,0.34011846481479574,29.135642201673072,21.294949302188332,14.647303766764173
2020-01-04,1.342911257109405,0.07656440249704564,0.31759009567281726,31.889528016878245,19.857174883548396,13.598086587922058
2020-01-05,1.3815186428395763,0.07954440181800944,0.3130442446837824,31.23966356286586,22.3074452942166,15.40897127144509
2020-01-06,1.3426866686065748,0.08027241250177337,0.3191463694441003,31.38010315095624,21.963736985840036,15.145348020422015
2020-01-07,2.0603408839859636,0.07885125101466908,0.3133118593672496,35.00234450703951,20.795386194019578,14.300659028930522
2020-01-08,1.7921535191240692,0.057642996852831495,0.37744894468890977,27.899053221346012,20.7032867585418,14.360004125444572
2020-01-09,1.9632470465147882,0.06435744318107463,0.21451067329639997,27.329284923866528,17.823527661354372,12.54252333743372
2020-01-10,1.6483537792426546,0.06531292467506147,0.39177673543573305,34.52492976976883,25.10115445393802,16.976865043614524
2020-01-11,1.1744163672371606,0.07153874318213868,0.31180884531858677,37.799093676137694,13.829549685443633,9.201284204032937
2020-01-12,1.4917772514879601,0.07203535308744183,0.3276360514841661,40.063712591943464,17.23243357614484,11.420566445563486
2020-01-13,1.8879820942893055,0.07779578900440336,0.36228810196406763,29.919846534829063,18.505547590429828,12.957460114150278
2020-01-14,1.8855442489352372,0.07189021511180253,0.31645521118181763,37.41326418745954,22.762586126139478,15.324077845635264
2020-01-15,2.127643418386683,0.07852668874589894,0.316000323798002,38.231978627201826,23.333879520372626,15.805275971224937
2020-01-16,1.6553012322365095,0.06693408968086664,0.4313123117715217,32.07749024826021,21.224719012902845,14.50731580274743
2020-01-17,1.8309893020936931,0.05307849541218446,0.21025444004226218,27.58324288272749,24.043854768390016,16.786485540078026
2020-01-18,2.2984298346477545,0.08562157989802452,0.30903837325315875,38.54238969876732,23.594508545050708,16.104155175838137
2020-01-19,1.8748418259843673,0.05392018042722913,0.15067906024482614,26.540468744224793,18.517983994041778,13.029505291507299
2020-01-20,1.8277167086298969,0.05919819149991912,0.4242604777334069,28.19132726269006,21.619157652439046,14.9659527638896
2020-01-21,1.8633296656275893,0.05401371367129072,0.14546026546322458,26.515873547492887,18.290111011492908,12.853888309025667
2020-01-22,1.8796775249579696,0.0537066371057952,0.18699252618008697,26.835097140118574,20.49488989553916,14.39278091742014
2020-01-23,1.67423052629162,0.06768976149918059,0.23488718513572462,29.719020684773774,23.82647992955663,16.60556891969463
2020-01-24,1.0455186902642883,0.07524771178047039,0.31196909744923523,40.1970851628086,12.385958653377408,8.192289239560584
2020-01-25,1.8069781377212906,0.0535667833442055,0.22221809544913093,28.12810562775357,25.21721532940361,17.540981467857925
2020-01-26,1.720966390763288,0.064002322753871,0.38998603663052295,28.338930071690065,19.452872573261875,13.467980874311252
2020-01-27,1.4954891192421988,0.06823514284139263,0.29496801820806634,31.41537168521865,21.05148222109684,14.436207256352576
2020-01-28,2.1364619132462592,0.06439495844544273,0.5699782357148325,29.69669747642347,26.913454963187256,18.601170987378335
2020-01-29,1.6345483785655697,0.06285166522919443,0.2706521376187953,30.510942398418543,23.102489430461958,15.926100042419671
2020-01-30,2.0449340365170747,0.07402865953153494,0.32391046191428147,37.206144244300695,23.093131871094247,15.628612554998847
2020-01-31,1.9088035686983909,0.07857593549653391,0.3643639973302893,30.396854053764525,17.749626230808033,12.433748467938754
2020-02-01,1.8697245344164874,0.058845144927576164,0.44476481290702025,28.54312239176902,23.36496319445493,16.148154341333594
2020-02-02,1.9333628102707474,0.06395345837852404,0.41211035160656895,33.01337155055642,28.393907774287317,19.41929167433135
2020-02-03,2.2001649376230987,0.06614608856302821,0.46714226579250834,33.21141671877576,31.79654961171858,21.813032015966606
2020-02-04,1.8898835425690617,0.05396704264308193,0.16912290218821868,26.665866952156595,19.065073895017164,13.420108184158687
2020-02-05,1.8030666921680414,0.06545526387602325,0.1828522510633452,28.781718730809725,25.266814244899937,17.755517583497827
2020-02-06,1.7075098703608087,0.06736355554774878,0.3887684659060654,28.83591698729563,19.68969969306188,13.629791810576501
2020-02-07,1.7162967527064195,0.06396384358513103,0.22248879467251817,29.471659267585725,24.171860605980093,16.84086305288735
2020-02-08,1.3058578359211457,0.07027480963377304,0.3245652480485185,34.218332581252255,17.808494686301177,11.981420536540348
2020-02-09,1.801069517641177,0.053553599362920985,0.2454265028254923,27.553971264434033,22.036897586681388,15.37048605771562
2020-02-10,2.1092900053088695,0.063421762885162,0.5587074502284144,29.795243654616694,27.0429461276611,18.67645071657505
2020-02-11,1.9243865067571189,0.0607963927453721,0.1695225763074647,27.013603076470282,17.551325923141196,12.357328377316348
2020-02-12,1.5128149351793068,0.05722994656949434,0.3739206628559137,30.02314820610524,20.724781822407813,14.154208575859826
2020-02-13,1.3115282830044759,0.0778765232978524,0.3191451356281323,31.664603143887845,19.872437075713286,13.62043608435551
2020-02-14,1.228373850260548,0.07072195770234171,0.30927962540210885,37.45092727096172,14.84382440225863,9.868264668478973
2020-02-15,1.8172062460047926,0.054260770593488376,0.2516395476413367,27.32066415124574,20.78616983239267,14.520635012531496
2020-02-16,1.7810952332147862,0.0619948498364339,0.2930290352870978,27.588000352598474,17.65874256289067,12.327106153685337
2020-02-17,1.5660289528140146,0.0668472772135686,0.275060418127394,30.696031038926915,22.047458077451253,15.20141623149356
2020-02-18,1.676589467318662,0.056374732373252356,0.36659119966139125,28.338360097806632,20.22181346482776,13.976433902559979
2020-02-19,1.7483440339572274,0.05422564517467034,0.2744762062665287,28.16049332291958,22.802194843039825,15.818944433232186
2020-02-20,1.4560186103144632,0.0771314916030041,0.3576540125697187,42.55758356974833,16.657932976084897,11.032285286441201
2020-02-21,1.7632598717965537,0.054353103604007046,0.2708137675106081,27.89964032739242,22.046161625467526,15.317127197223911
2020-02-22,1.648386661335494,0.06427674871838476,0.4080334535033853,28.39035555349216,17.32338875980105,11.99044817733956
2020-02-23,1.5325661545975169,0.07135108985416376,0.28195905334947746,30.75107733747985,22.111506839668632,15.281137020210053
2020-02-24,1.5877431316084314,0.07367964117663581,0.26834533359415547,30.390297047852314,23.61224261454808,16.426032110177818
2020-02-25,1.7749673568631137,0.06912705178836387,0.36822111168236665,31.371590442748033,18.84846189073149,13.00544789878548
2020-02-26,1.74797610999951,0.06768923307777562,0.4558509783974213,32.82348722227505,24.69192672635546,16.870275646364618
2020-02-27,1.557356967356511,0.07509472183450716,0.3504263391925592,41.78757982290668,17.731221013607627,11.760167930229638
2020-02-28,1.799421604262581,0.06629424039944452,0.4802248689007896,29.559447106362942,22.891580347915173,15.785891149913265
2020-02-29,1.8304804548809492,0.05514586848064192,0.2454236239215669,27.23102669779707,20.028040653551063,13.999930375044563
2020-03-01,1.9160018269988266,0.059166698646337175,0.15242632872796127,26.847314349104437,17.14497166127081,12.065812573741894
2020-03-02,1.8346552110926893,0.06435923290985324,0.16614093350226977,28.47722945726785,25.723869498139663,18.10727674972095
2020-03-03,1.9378780675365237,0.061340913743186135,0.5264774216209677,29.67107039633727,24.78402249435945,17.08746422680558
2020-03-04,1.8737964547394241,0.0530136801454828,0.18450990338000195,26.960685778631078,22.48276521113366,15.771685580320366
2020-03-05,2.186185731598148,0.07041063252253497,0.5660501769445931,32.72975781759386,30.594736789064896,21.079311303765667
2020-03-06,0.8182670553087416,0.07909014263123736,0.29222429938554534,36.58501504009492,10.72786991566375,7.141319184977121
2020-03-07,2.226166928627995,0.08273307714163688,0.3170809615136069,39.54109332481695,24.281164160993015,16.46379500680934
2020-03-08,1.4371128669474678,0.0664898731561727,0.32333899948508577,33.27326646281594,20.11723361605259,13.61206064562459
2020-03-09,1.5545515154394438,0.06511481444511306,0.2927420085657335,31.26733530070963,22.051727016939402,15.123563413001055
2020-03-10,1.7112207224519482,0.05565741757601692,0.352438734163626,28.311784818392965,21.16673258485549,14.642103348243992
2020-03-11,1.8794619504651453,0.0559278896738373,0.1441413778841918,26.61122787193888,17.057405223393847,11.984677578106535
2020-03-12,2.2859955791547093,0.08319977149142112,0.33085186942325684,40.45127242908163,25.407876289171984,17.220624574444138
2020-03-13,1.8793321995042112,0.053847773417830105,0.18977934630709142,26.85180627044938,20.24129691932157,14.212798282148738
2020-03-14,2.029937263024524,0.06190575904971148,0.5220648433200803,29.159788667521024,25.635490714818868,17.71307682375581
2020-03-15,1.8839860947830407,0.058234560632606555,0.17463001919795093,26.92147552902681,17.75044407746255,12.483139876092123
2020-03-16,1.883915252281865,0.05608377929906793,0.14699638690702974,26.645683287389545,17.356551891520624,12.198157999526364
2020-03-17,1.740121288984328,0.06544411922960812,0.4575399490760666,29.110086944885484,21.19486394253921,14.621145569002914
2020-03-18,1.747707911462354,0.05385250796740318,0.2609133814198882,28.24350655966285,23.253083239106594,16.13525449880236
2020-03-19,1.667485063296636,0.07201387634209859,0.24506602292683094,29.923830421649004,24.53806153109275,17.141552019020676
2020-03-20,1.856213295164534,0.07385847597453099,0.33166729839653225,33.467715194670205,20.412866844291354,14.03124136602284
2020-03-21,1.843913995905807,0.05393052049230907,0.23029537450188037,27.113548820592314,20.584033347144562,14.416881966669855
2020-03-22,1.8376490050357308,0.05465598997363812,0.23391942101759558,27.198381361257155,20.426916936369615,14.28359858699813
2020-03-23,1.892228454749545,0.059643640122763304,0.17730355445549015,26.988546629196865,17.72224670525067,12.466238185170269
2020-03-24,1.9042115019107309,0.060314716719372906,0.18353677216241196,27.042798258959714,17.594062995181915,12.378890733322557
2020-03-25,1.710173446838694,0.06707989946864389,0.32525521850144407,35.35158101347179,22.735259778952024,15.346181278002385
2020-03-26,1.6946960107844047,0.054938437853048264,0.31414904462876136,28.24875888547194,20.985489697772316,14.530436564507076
2020-03-27,1.914607702437165,0.06489370859020517,0.2382780404334809,27.45278277956731,18.04058159623139,12.667923406507189
2020-03-28,1.5845091968213516,0.05714806515018128,0.4117755350800428,29.27746620031732,20.209840996649877,13.876830872698797
2020-03-29,1.3204630712889207,0.06909588820239104,0.3170150346137149,34.43680258237893,17.161275415991224,11.543124871548338
2020-03-30,1.8218204034648622,0.05618510343962273,0.26405981777437637,27.27126685396759,19.34703844845152,13.520571115326945
2020-03-31,1.9095311643511441,0.07540059020030794,0.3340494268860207,40.39162219119509,21.81511077688216,14.593274183252943
2020-04-01,1.7844668538307629,0.05931492217811999,0.37873565023477623,27.862702066169753,19.801726347361697,13.741664970627118
2020-04-02,1.8782770525019372,0.05349808590617696,0.18596089152201256,26.87111817169298,21.254495232580062,14.916915899659761
2020-04-03,1.5085030009702194,0.06704948204555947,0.2925454822456247,31.39035609156462,20.936246527233333,14.35222532592825
2020-04-04,1.8491366625202383,0.07493365686596869,0.36797467750635077,30.14103593736259,17.376578132134917,12.133034366228763
2020-04-05,1.8313878229022766,0.05435959336236744,0.23883136576794642,27.222086344443948,20.561802954784238,14.37759770618735
2020-04-06,1.4047097862171902,0.07124224301089416,0.32301121570957736,39.57679016315361,16.306493632965193,10.804096583895106
2020-04-07,1.9657377063500194,0.07805593165867958,0.3227538828258438,40.1331901020815,22.052748408389103,14.807314201984916
2020-04-08,1.8047841784689391,0.06465519669354096,0.29743038586267606,27.754721337614647,18.112663959779344,12.644232464034696
2020-04-09,1.5279142271659423,0.07901260807544146,0.28976768953878645,30.674208616878822,25.41265134004275,17.723074168644388
2020-04-10,1.8543569169348086,0.05313379643821293,0.2088758974611748,27.09309433586446,21.756038776593837,15.247210606333176
2020-04-11,1.626802170023068,0.06469264822869439,0.3721276198003644,34.62316097973514,24.534537088783377,16.568017691077156
2020-04-12,0.9019575042533193,0.0826422470784308,0.33115616956817356,33.25804651280486,14.916486226664942,9.956265645320064
2020-04-13,1.3690897195778027,0.07161043854864058,0.3201450817794276,32.7670163184782,19.42743314133787,13.201721033588171
2020-04-14,1.6660922717927924,0.054893853956619866,0.31772764558965383,28.67351462520666,21.661258417777706,14.957926577381858
2020-04-15,2.042032921831843,0.06536589161860272,0.5491992942339333,29.64948782457076,25.844327674675956,17.858355165198706
2020-04-16,1.6236769746665558,0.06210147677872589,0.3324193503562496,33.39441259968437,23.521415792474414,15.947639908699387
2020-04-17,2.347390636096302,0.07088303594779992,0.6335844511526456,31.5179103163133,30.90739993183392,21.356317264977022
2020-04-18,2.016874565988794,0.07904327244923272,0.3134386545215648,39.30075938909344,22.293197158553834,15.030347465463818
2020-04-19,1.9062952617168096,0.05848830646696043,0.1675388675576548,26.87400889472955,16.950923789460077,11.939864813682075
2020-04-20,0.9900419022022522,0.07503223533952484,0.304517609855474,37.371969085407656,12.220364876943652,8.133094956506545
2020-04-21,1.7434984957473512,0.06361648750058117,0.2129167887016912,29.314049957552374,24.54996615100558,17.13181925914966
2020-04-22,1.9376176769094435,0.0723339616335383,0.3331325782401726,39.07760110567702,22.857823085442092,15.322205906636013
2020-04-23,1.8039013133198822,0.07071651416525546,0.3438748380930829,33.16443637433511,20.793150868746356,14.253423988670281
2020-04-24,1.8241368770785655,0.05319360099541129,0.21007469361931871,27.77803689355854,24.675525783579687,17.20755407457658
2020-04-25,0.9573196493430233,0.07580840141112256,0.30590341138717336,36.88887635397101,11.89650126922892,7.933558165512228
2020-04-26,1.4497968486050503,0.0663623908283805,0.33908779664589633,35.02202738550435,21.019672387204693,14.098521367213573
2020-04-27,1.8853072185594406,0.062007999297727136,0.21525244345638359,27.254951104455753,17.79662674112622,12.498008231154017
2020-04-28,2.0279456746447053,0.06470737233266673,0.17915530658751852,27.27208722100213,18.319944077013826,12.9194101427747
2020-04-29,1.8852804304451969,0.05341668245597391,0.1574097936772593,26.566713241107266,19.29761373796008,13.586119407577732
2020-04-30,1.859386988434037,0.05431426064766668,0.21241993101136286,27.009274569602898,20.173483495261763,14.14167518357792
2020-05-01,1.8840787740408507,0.05468496552324066,0.17414101680261906,26.743185062570923,18.940711692634537,13.32114809589018
2020-05-02,1.884051732010832,0.053158757047291366,0.178618000297038,26.758198767697014,20.711907155678304,14.56424523805114
2020-05-03,2.364704391034106,0.07197230365106327,0.6335133833528866,32.110419583347834,31.850518322232197,21.998195225881872
2020-05-04,1.7864795172198917,0.06626062058332302,0.43121319522208934,34.31828096109167,27.10655479302403,18.432545663985778
2020-05-05,1.8288397781019354,0.0665102319848753,0.18012603186397086,28.80468307741273,26.13980503527877,18.400144582735145
2020-05-06,2.038109669195065,0.07495290839956642,0.3277529966743364,39.08268540450313,23.690352471265083,15.931280617063534
2020-05-07,1.4284497685420827,0.06680299868629383,0.30770667455165784,35.728160452004666,18.125078358548574,12.131510356527606
2020-05-08,1.6454448566473474,0.05525862404907785,0.30707195849050084,29.337505865446754,22.9671303079288,15.800512117983734
2020-05-09,0.9879924845047182,0.07484204611988293,0.3034720947677592,38.297369457542096,11.978507816844683,7.95802301916109
2020-05-10,1.8097562302136208,0.05423423534173084,0.2466182662326184,27.496858563455145,21.751355412567747,15.16301568496971
2020-05-11,1.263860991991816,0.07808176588907577,0.32530677144530856,31.93526166699813,19.074728519761624,13.029378290698869
2020-05-12,0.9124096297291581,0.08209209932203836,0.32360848545610443,33.89570561855959,14.043552282129808,9.374699839168454
2020-05-13,2.204507278246221,0.06484377409512856,0.46611947348220495,32.78632492507508,31.053339716242764,21.307969644717932
2020-05-14,2.1246153458140404,0.07829233783587579,0.3292182559543773,39.64234967940621,23.64874864862457,15.951471099753682
2020-05-15,2.052392812402478,0.07654533684032402,0.3180832519152415,38.280929170384056,23.11605358226343,15.610721316111311
2020-05-16,1.0777899252284893,0.08247795847378367,0.3402575775651919,32.29175825695375,18.366324784261998,12.45051654342674
2020-05-17,1.8545431641556407,0.06036465386983345,0.21556531862227823,27.198851836809492,18.100860195395665,12.698201192991887
2020-05-18,2.134996184436098,0.0823705933347551,0.3099688350018541,35.171266974997366,20.425618650648993,14.104506280310822
2020-05-19,1.4510275148866698,0.0569915461989558,0.35096292575705845,31.08010579875931,20.9316328452092,14.215089588400824
2020-05-20,1.40894192739404,0.07553348154519512,0.30852469453846615,31.557318903650415,20.875126242834934,14.3476294841732
2020-05-21,1.0949698665529617,0.07719808597694859,0.33294993234970427,41.86074733737678,12.955478824034508,8.546290763807544
2020-05-22,1.740535869965669,0.05505671396470484,0.31036229891406103,27.93626889182293,21.053853242900182,14.612136449154933
2020-05-23,1.8784120087362552,0.05595776008782915,0.1679349636105935,26.76159423061186,18.06203265041196,12.706556787846491
2020-05-24,1.679604336271014,0.0743987430472659,0.24899519213144158,30.051994156041815,25.65405363339212,17.961262861929235
2020-05-25,1.2662005084620847,0.08005864081732023,0.3263772713063761,31.68840169504163,20.30478089057574,13.917991040955817
2020-05-26,1.7682423975669466,0.055016251224158326,0.2836159653765534,27.660340910740587,20.664110803548326,14.377174370159251
2020-05-27,1.8830394967745032,0.053574672489904655,0.16450875948535298,26.647687091527718,19.831205501662158,13.95092129224157
2020-05-28,2.1172530579230697,0.0785886176102529,0.3365499605812417,40.56462936216268,24.17271879484627,16.27047067202738
2020-05-29,1.8816112205411282,0.057190545982525626,0.14382163447607507,26.697452071380386,16.985308189950747,11.929892604370165
2020-05-30,1.9042033766059365,0.07615982554387543,0.3702212301845514,29.01074741576086,18.208881968320004,12.762624998918035
2020-05-31,1.8550917491871441,0.05413686772325337,0.21877737342266648,27.05325283194767,20.61732850792047,14.444206984358562
2020-06-01,1.7984280318357015,0.0585876364141729,0.46201937963882217,29.037782627857347,22.92843295826454,15.805369898906171
2020-06-02,1.5174476284909386,0.06768729995826403,0.3132453978137713,36.75096375991875,19.80084065244212,13.216557638447956
2020-06-03,1.9349491490739492,0.06238417426422682,0.5013193382519148,28.820544165676505,23.55458992661535,16.282503998626094
2020-06-04,1.7769867490202749,0.062017218790782494,0.36743469794793954,28.057507278799665,20.297851198855074,14.075592429591657
2020-06-05,1.7095281198969834,0.06778058359623482,0.31379263632279447,36.96086174919616,21.494689093316595,14.404811598168681
2020-06-06,1.7726195881301634,0.05832137575528851,0.34729139789017327,27.666867605902926,18.971712848556635,13.194675134570499
2020-06-07,1.8913024239187683,0.0539831289590178,0.16437001687974728,26.62473328779424,18.77370410505587,13.22116935530406
2020-06-08,1.3958638684539333,0.0676932400521479,0.30877682483153446,36.17841346274462,16.969123628128408,11.348934020833859
2020-06-09,1.8899547659438993,0.055601723553164666,0.16138891186497598,26.69759044654284,17.512171972990444,12.328059982673649
2020-06-10,1.6599379882005385,0.05497818098454582,0.2836516843488281,29.606299618510658,24.092283759748266,16.57486912010692
2020-06-11,2.237063724104491,0.08510643806817261,0.30725137589585283,36.565534452939005,21.312158922934152,14.666401513331794
2020-06-12,1.8032497654416884,0.060842920382847894,0.5165007034490253,29.69404462688045,22.872258262267998,15.740996364133357
2020-06-13,1.7420840579237038,0.05397290042006354,0.2566136767164766,28.561973701400458,24.11236317873247,16.704613675168755
2020-06-14,1.8912073324610976,0.07218537962492297,0.3508298792685052,28.34162838735789,17.93233060619536,12.553208603367956
2020-06-15,1.7411388564519281,0.06564175680121441,0.34906025815274905,28.15541100088151,18.359101694638362,12.761075853640213
2020-06-16,1.664310862195583,0.07008778828717692,0.31100746128374746,37.81113758670582,20.76714297838536,13.868749123337366
2020-06-17,1.3006245048441722,0.07630127253583184,0.34201272190692306,41.96594145373183,14.939827863582742,9.870241118560159
2020-06-18,1.65468675606144,0.054724743174729494,0.2816030563155,29.603346297186317,23.874553175957534,16.426742520949972
2020-06-19,1.863785317485508,0.07148642946304778,0.34650878842164756,28.36773253228987,18.167500027843605,12.705076434673233
2020-06-20,2.0691238306370647,0.08079360064086696,0.3243806486161007,40.671833213020015,22.753164385980497,15.324630828321967
2020-06-21,1.756494095539584,0.06446110405950059,0.3365154137341366,28.046005008153145,19.106232119592548,13.280439045088105
2020-06-22,1.725361228472855,0.065129126964574,0.4032063336008371,33.87283022741816,25.242827132595608,17.149019931141357
2020-06-23,2.0450246844486863,0.066864008787803,0.4550861358788353,33.888647167415826,30.580002713125342,20.926209183353464
2020-06-24,1.3552194434202505,0.058239993548157024,0.39945617052958904,30.86755891351495,18.255216832145834,12.38186599184504
2020-06-25,2.0144796324006706,0.06518583268870912,0.5170738109661783,29.523474835560062,26.16063445265243,18.07593797731583
2020-06-26,1.8351445067907717,0.05333067191462714,0.21435461614004278,27.57739093121444,24.083179256071865,16.805560796919153
2020-06-27,2.274576478929404,0.07051533431146718,0.6022076885414942,32.30647742066261,30.451116681826363,21.006361245648584
2020-06-28,1.6481140827512226,0.0668066949807446,0.4010776103475839,28.692916140841184,16.970944528863686,11.756060247831988
2020-06-29,2.151959154730985,0.08067021822588509,0.3442799410025883,41.475213049045195,24.475963864930097,16.49789472387272
2020-06-30,1.7552463534221077,0.054935944447524365,0.30629730713496905,27.84347450788231,21.08477738187275,14.646380365052881
2020-07-01,1.5808335120650252,0.055462387591444146,0.3349106304317103,29.61073618979062,21.52131128553693,14.76718591529639
2020-07-02,1.6551737665175488,0.055191989844374206,0.31044299047837065,28.99706804255842,22.270642194763358,15.345834671629378
2020-07-03,1.6613010080797843,0.054831715316934274,0.30638476412350335,28.947565316585067,22.384135838578004,15.436894251273486
2020-07-04,1.8228251481858337,0.053678883032807136,0.2391920101754035,27.345847112953397,21.606310491762944,15.095957935193734
2020-07-05,1.6582071713214626,0.06721211103524127,0.4399383716032544,30.019972166662285,20.08044151902071,13.817975258467238
2020-07-06,1.7421489968831143,0.05707822855244053,0.40051684099011126,28.31924060393177,21.15565498028165,14.626785198652248
2020-07-07,1.7160227141064428,0.055613327581002195,0.3403921251965063,28.175353497508286,21.02924632752584,14.560470932775617
2020-07-08,1.8240283280848288,0.05377763941708758,0.24188323012848456,27.224410388243804,20.678722019116005,14.468503826521271
2020-07-09,1.8170832238118912,0.07852701004735622,0.3299401205500767,41.26748952660632,20.221281681128637,13.510621395741529
2020-07-10,1.7630766715650195,0.05636681667371376,0.35391439862499735,27.931223469828176,20.853339614802845,14.462295339084182
2020-07-11,1.0660226429969588,0.07416343885440668,0.31410421598192273,39.59985137237033,12.531878266680428,8.304486516257713
2020-07-12,1.4703176867367465,0.05725803256547547,0.3894999131391165,30.25598286695316,19.86090837186363,13.543247374257088
2020-07-13,1.8280758724933828,0.06688604050839064,0.49932298288843247,30.93023166030705,24.096347320704336,16.57124430536632
2020-07-14,0.8119780693979444,0.07796077066426,0.2891704403558588,38.775062921925716,10.06145142007849,6.699898770927704
2020-07-15,1.473405239079641,0.06543978033224278,0.315454853758533,33.054670606184374,20.703006196797087,14.032135663382201
2020-07-16,1.97895681550304,0.061420312378511074,0.5266917765818147,29.363190272385967,24.965314892338753,17.23401919095821
2020-07-17,1.7905825422252442,0.06218158705694796,0.31594749591097054,31.334920365768788,26.124473161111926,17.953416593233435
2020-07-18,1.873329122755864,0.05553582488981364,0.14205293872229505,26.576292755925046,17.18971484147305,12.067810190624488
2020-07-19,2.118232411066559,0.06405848146891355,0.43270436463745904,32.700536277930624,30.178658220448092,20.695334942879118
2020-07-20,0.9286252624197994,0.07583702910542839,0.30595206486351295,39.341586651310365,11.208226463609622,7.442456622715212
2020-07-21,1.885503114579716,0.05682552893936079,0.1516858335111446,26.71717053202986,17.41479320899618,12.246092867158056
2020-07-22,1.8569351777123537,0.05332566651589173,0.2097192929297258,27.032570357666444,21.272425511925043,14.916602366413953
2020-07-23,1.5207352664643932,0.05604729963443819,0.3300535904919371,30.490900403460667,21.634212632334965,14.763075587048565
2020-07-24,1.8669955746265854,0.05492962463373642,0.20077248207350246,26.948865904040257,19.29870847888552,13.539789248077554
2020-07-25,0.9019012619091962,0.07764664139900786,0.30072012994185177,36.59755578338919,11.562152353956959,7.705759725867036
2020-07-26,1.6934412859831205,0.06623599720800553,0.4014408457685739,28.741172172493773,19.36380063739532,13.392023807469577
2020-07-27,1.9394335555730846,0.06317830931897707,0.2068521925104011,27.25326358640318,17.61321454329799,12.393761734234621
2020-07-28,1.4795255614370126,0.07062340843800893,0.2972667407381155,31.28841972189131,21.13141114481223,14.519354421046497
2020-07-29,1.781823463656976,0.072973590518093,0.33587288350518213,33.44313778903061,20.93290362487642,14.350829639960612
2020-07-30,1.7650394405043952,0.07166221588017467,0.3707074976211542,29.219693252134732,18.306680658062888,12.739066348954323
2020-07-31,1.88460450665262,0.052970277894909705,0.16610385733243027,26.65950828397723,20.59510545050772,14.49439611633988
2020-08-01,2.132465786782107,0.06440334945870739,0.5771506958274224,29.946458055356704,27.078707664558813,18.706487730693766
2020-08-02,1.777271325124907,0.06076922020146788,0.41248316966491066,28.178683726417976,20.425570973489762,14.14011677782448
2020-08-03,1.8232113540793384,0.07466797773616815,0.34697846103348023,31.68150797623412,19.10262699285986,13.24193266455723
2020-08-04,1.9011408984458056,0.060680920719160945,0.5027548831307255,28.73234779070538,22.8319820651384,15.781332350060671
2020-08-05,1.8686566916254725,0.06244379294454906,0.5052372386040174,28.69046162903102,21.724029065380293,15.019707178982564
2020-08-06,1.8749261260216084,0.06760440949305205,0.1732834941412341,28.741695362393713,27.114509543668184,19.129663684857203
2020-08-07,1.8356104422375705,0.07470326778879076,0.32961287142815443,40.027803578357705,21.003449316907595,14.036709015410759
2020-08-08,1.709420205692684,0.0588020427353888,0.46424394982919237,29.124293461563934,21.46132791801252,14.77169576692073
2020-08-09,0.9949553628818935,0.07548759119986602,0.3067138228421787,36.628037854889435,12.487428484381146,8.324580425416453
2020-08-10,1.8109705824067082,0.07254034869524176,0.2139262352359404,29.504915431628465,27.493106530181137,19.3599359944166
2020-08-11,1.5853927602387894,0.05609619056362459,0.3743062097823257,29.097026965267347,20.210708354200516,13.896894354580517
2020-08-12,1.7460777087090515,0.05723683198006246,0.3862244196343717,28.07850999274257,20.47151341762038,14.177203659736133
2020-08-13,1.7496491610398137,0.05634941859810929,0.32557870448466375,27.644114116690325,19.052292748869228,13.257319606253544
2020-08-14,1.753655825008621,0.05785497615312211,0.4299030677364296,28.36037756294085,20.87446793129015,14.430788555192908
2020-08-15,0.8794233679430578,0.07771624432296148,0.30411873771660725,40.366465586661235,10.709714086680862,7.10070406185628
2020-08-16,1.7386257250706247,0.07160357172576005,0.34547964195910874,33.36714873910517,21.279331365066096,14.55828281468038
2020-08-17,1.8079460646549128,0.07111794183306747,0.3249704743396207,34.95834384109701,21.86817178763348,14.863451205161025
2020-08-18,1.8822669580296065,0.05417690825775271,0.1560597933722325,26.587292922410672,18.494983432186174,13.018055374872306
2020-08-19,1.4266969879484848,0.05896992407451285,0.44536853962378004,30.32597170626293,18.621210544989527,12.687265894216052
2020-08-20,0.8401769396866027,0.08008377137097111,0.30123181398739607,35.45826826372263,11.605965829554183,7.720620143378402
2020-08-21,1.785629153290012,0.06375323446295579,0.3063841883427183,27.72689145672808,17.545954907780033,12.244795077646913
2020-08-22,1.9726890315594403,0.0705916234921931,0.32692588757656355,35.965644518310995,23.02435206769155,15.608363863604835
2020-08-23,1.8861883062980738,0.05344070040375205,0.17536533238770186,26.691156660418144,19.78536941427137,13.926420719615338
2020-08-24,1.6478482329349837,0.05724338015686964,0.42165467897251296,28.910166463750237,20.531790183047757,14.13707801889778
2020-08-25,1.7600057507053757,0.05482741359494416,0.3032021769611517,27.826296878787197,21.140163571005072,14.688371330265044
2020-08-26,1.941380962608084,0.08000357877584677,0.35194740808155434,30.98783328685994,18.26003405896515,12.791083763406997
2020-08-27,1.6116828821691653,0.055341052477483485,0.32254248902332017,29.377489698102064,21.910270719235246,15.058855178181027
2020-08-28,1.2583397839051378,0.07972788884857542,0.32809239888354386,32.084162566807805,19.557839340521586,13.370220679097388
2020-08-29,1.7336170459754252,0.07056811272274836,0.2253505896831803,29.644803495857072,25.548764128439146,17.901706097401135
2020-08-30,1.8047204456094588,0.07487377264725198,0.3570258562967917,30.581922267463202,18.931942762809655,13.169943050053899
2020-08-31,1.5823288220629532,0.05897226612315192,0.4676642110741868,29.7483621495778,20.26693072735629,13.887946089286572
2020-09-01,1.7578332473359966,0.0750549362168665,0.2363619859259183,29.894284029818678,27.547190766119048,19.370764136260316
2020-09-02,0.8649466139573428,0.07709530934137615,0.30024426768657947,39.43697194543557,10.56186904963963,7.019927578919715
2020-09-03,1.6269990817064426,0.055359741069684984,0.31049213748109744,29.526727310807043,22.83318499654056,15.688840042546465
2020-09-04,1.9004513901592757,0.060993223080259264,0.4941057920675894,28.602714643873192,22.589980139824846,15.621722761141536
2020-09-05,1.3623833596121415,0.07605756405278823,0.34820333183574864,42.06633592873782,15.617004893522372,10.325806247648435
2020-09-06,0.8480147483448717,0.0807562606318392,0.30862728633620845,34.790689153198954,12.23511362277835,8.135517232342325
2020-09-07,1.8168524143725777,0.06633683541329849,0.18137522940440906,28.778313383954703,25.554428541703274,17.977684331044216
2020-09-08,1.2464266905399157,0.07989265542233255,0.32819488786328876,31.905823998509728,19.617045203603137,13.415085037600273
2020-09-09,0.9120430388292585,0.08117978906022141,0.3185908643680913,34.30083514775314,13.459334710271026,8.980444350349623
2020-09-10,1.5647998735059876,0.05768152116309852,0.42385247535637666,29.45660339098155,20.038947720593807,13.74106568556234
2020-09-11,1.6002921570316961,0.06538642039187777,0.27490639676738415,30.733186087904095,22.847152570458615,15.747572624744858
2020-09-12,1.6637161914509497,0.06954270700335059,0.24046843392153636,29.833465510203443,23.9329613634904,16.68836947801554
2020-09-13,1.8791721056081858,0.07388754180718765,0.3307804931695059,33.445642379471,19.612965139015024,13.498585423292637
2020-09-14,1.8068629869174087,0.057368865635935566,0.30103831051640895,27.48945615119328,19.74290923650157,13.755273901005413
2020-09-15,1.8183044317308987,0.06079869230786806,0.1740579192971718,28.418006205596885,24.477124620383705,17.15906887010836
2020-09-16,1.3790433449087216,0.0587447714144735,0.43657513321958263,30.408923662577106,17.77659499930125,12.099593465859112
2020-09-17,1.4419923663922265,0.058363245849325625,0.4224608131988292,30.29800542700194,19.131231454662107,13.034685866151161
2020-09-18,1.7580747847167963,0.0737921258959094,0.33260429936985825,40.33379455187686,20.12540474765018,13.408127774563482
2020-09-19,0.9933571535162187,0.08125179245126088,0.3322238727797136,33.16830165387295,15.526783204623571,10.428167576317701
2020-09-20,1.7972424990830564,0.05630142253331219,0.2881624127099729,27.42427683717276,19.522318023156927,13.615350760317973
2020-09-21,1.8381628036060835,0.05839080076851785,0.43524008265136854,28.371083188009255,22.46437833130219,15.535827881040237
2020-09-22,1.7903013305046285,0.0670573765020265,0.47621282839032575,33.06218503643488,25.391836592564236,17.347318464253487
2020-09-23,1.7552278175705458,0.06685390239651016,0.4510579529427897,29.45987233946215,22.188032347709623,15.305579384132422
2020-09-24,2.3169211239912966,0.08601643814595782,0.3122113777781587,39.22738365295032,24.323736196713316,16.57418119906126
2020-09-25,1.6341992443751892,0.05609068595270761,0.3535359050132026,28.817820151764224,20.93360411236975,14.420451218556765
2020-09-26,1.1987859337257247,0.07108589665962507,0.3101123277989369,37.53708755425676,14.360436687227743,9.550130289212705
2020-09-27,1.7796688613497222,0.05384153857632839,0.24498298711218208,28.090470878213225,23.885753640903243,16.59616953694574
2020-09-28,1.8043149421170677,0.06918694131784846,0.3502048692262967,28.26672459406368,17.53108696904725,12.233933862675999
2020-09-29,2.286906501996884,0.0705993665917753,0.5995488973847729,32.33688042064146,30.68382522856349,21.16491249449747
2020-09-30,2.3078347479892827,0.07055350545566959,0.6185378186592446,31.49819515031055,30.610037489704546,21.1491088313985
2020-10-01,1.8537451068753745,0.0557617476111969,0.21365637912013133,27.014590152629108,18.962712867883166,13.299479905876947
2020-10-02,1.8812699577397671,0.05313425847501927,0.16492447321218348,26.710894230018624,21.18580528228515,14.887447743328803
2020-10-03,1.6623494263140253,0.06889266104758154,0.41341739455230864,30.589824148168585,20.089045412525174,13.824994698983152
2020-10-04,1.4422250801998513,0.05775722615935663,0.4085518618459555,30.288436455053677,19.140785223877423,13.044222833109181
2020-10-05,1.5807155681876202,0.07418574407954061,0.325359866659133,40.44624479817918,18.259097019412554,12.117747966839124
2020-10-06,2.0943261139091582,0.08038135228348105,0.3340658366383956,41.04498885467621,23.518166410699074,15.833892163799344
2020-10-07,1.779677304049235,0.0536364446866059,0.23857882420288876,28.16789375839341,24.219534097738208,16.829081082055318
2020-10-08,1.867473824988463,0.05536122542930996,0.14204695471485007,26.567018325394006,17.237942121773017,12.101454821457661
2020-10-09,1.6186879740439046,0.07029199793404588,0.311099195500971,37.70372156059939,20.52788432346453,13.701268130145763
2020-10-10,1.8961678310380248,0.05687191584148752,0.14673808753412126,26.681286557759215,16.967634633770857,11.93017967911422
2020-10-11,1.9495947570499208,0.07818802373299948,0.33868226190080214,31.938216965110506,18.62336518583943,12.980525313056237
2020-10-12,1.20645596753578,0.07844393370526813,0.32878247215446676,32.41699305040798,17.975106186710843,12.22245748753925
2020-10-13,1.5147775771607954,0.05718506527006415,0.40166862875987297,29.748473508637108,19.74276253755009,13.509100031890549
2020-10-14,2.0512123579653294,0.06550248987947645,0.564031201621697,29.772466443947675,25.668356781161688,17.736488629034774
2020-10-15,2.0318237302735658,0.06586373362205612,0.20273254268392502,27.366237022605436,18.432381488377793,12.991927604388067
2020-10-16,0.8251215751290115,0.07789716094186916,0.2920317624037332,39.15878779027591,10.162968928241462,6.763040662443766
2020-10-17,1.5281019344024795,0.06393945122821672,0.3278247842000767,34.15127927217452,21.779860852577745,14.687473064130424
2020-10-18,1.6852167635997974,0.07573375591305831,0.252996786333376,30.117384327452744,26.322480070875798,18.45127828322916
2020-10-19,1.9522824555264142,0.06300457285825536,0.20126047685246043,27.225268973180356,17.48389758382903,12.30876776611812
2020-10-20,1.5840666216258368,0.0662006806015435,0.29689743905528265,31.462746069407608,23.179453201620497,15.907639945744378
2020-10-21,2.082088262267938,0.08204876876683176,0.3157381379047942,34.00986908115894,19.80623183890911,13.745936695735656
2020-10-22,1.6461416650124034,0.07536079661651543,0.25987640022595226,30.21402422305085,25.31487648887948,17.700524910522674
2020-10-23,1.6726570102350464,0.06855873589502304,0.2440298025860753,30.03997923836487,24.424666909070357,17.005273536950146
2020-10-24,1.842079327474829,0.07520756503061328,0.3661716611050599,29.53384045308644,18.349056483935577,12.819729060333337
2020-10-25,1.8787734578417148,0.058564247792389605,0.18280131502746477,26.957296905009684,17.53312425073597,12.332657147353785
2020-10-26,1.7370313879205161,0.06881205421256185,0.21711797320005505,29.441661509154063,25.05098891374159,17.547529947042584
2020-10-27,1.576982244550409,0.0559130779421948,0.35204714153897065,29.431405273898957,20.90089207992599,14.345252187790406
2020-10-28,1.0306269109446264,0.07553000299222781,0.3124366108831238,35.72643537497943,13.1765394740239,8.805916135215258
2020-10-29,1.8506304490235175,0.05523496192274829,0.2204214948908738,27.040045252156258,19.193387800405358,13.455223907689502
2020-10-30,1.8662601075848129,0.05602616277823985,0.19839380826872455,26.93152683725562,18.602455084042454,13.064746692921457
2020-10-31,1.6445767186132303,0.06612190863682946,0.4221820324808513,29.0374320774458,18.46597738200424,12.747821467185448
2020-11-01,1.935857913632038,0.06233488502744874,0.19274500805866276,27.168704501416517,17.60219561830474,12.389466196474507
2020-11-02,1.8295169714733865,0.058044650228278795,0.24038739277603585,27.2242463148369,18.696379087729298,13.084733445148084
2020-11-03,1.9061723664817956,0.07311005866515345,0.32558324904014607,34.257882179469206,20.848645248355396,14.275809204081106
2020-11-04,0.9179495641042297,0.07734290796189848,0.30611198797656997,40.40683291619534,11.073991421792204,7.337172952526975
2020-11-05,1.851715431129333,0.056107866286828616,0.22563152957910226,27.109031859932255,19.68318075840536,13.781094752869283
2020-11-06,1.6851893406961165,0.0682991402498394,0.3924704279001622,29.010424540381806,17.792042398892384,12.330380393277666
2020-11-07,1.7946349110335196,0.05354230867038891,0.2398835023346897,27.792812725191084,23.27753612058188,16.208822362935454
2020-11-08,2.1178563618040473,0.07880006848913856,0.33382960200771544,40.37619401951099,23.92736479849133,16.11664226574197
2020-11-09,2.0462945172385725,0.07232281433173922,0.3255014059142663,37.65765053865486,24.158716379927238,16.29315354558296
2020-11-10,1.867643948557594,0.05609997183036158,0.19391964198743264,26.910850952267843,18.15478672996073,12.759927554663992
2020-11-11,1.882863660100439,0.05474289272399025,0.1782895790499461,26.770441674927337,18.853840241040224,13.258518176383099
2020-11-12,1.9304218308088688,0.06299051791103705,0.46157886621103417,28.797155468575315,24.405322818580462,16.874131972995585
2020-11-13,1.7905951110560976,0.07053780417040567,0.36289596196432033,28.58671649830565,17.703736965047327,12.345408822275184
2020-11-14,1.4748879167677715,0.070403786942726,0.3094019171281408,38.246987719822506,18.664261186039038,12.387378620685942
2020-11-15,1.8835893513848807,0.05702567584879465,0.16571600728287794,26.802494633986083,17.400009622160503,12.246292628846314
2020-11-16,1.4392669614231721,0.057480898939938595,0.3929037235045372,30.459310671731462,19.44498567088278,13.23906985466721
2020-11-17,1.87440229777815,0.05798335600068757,0.17715031451226,26.916322701548822,17.927990150968363,12.605249830472209
2020-11-18,1.3353501531667482,0.06913650495520635,0.30859115609194443,37.17396345294902,16.61293490645445,11.044371530043428
2020-11-19,1.8774929605892863,0.056092741219880664,0.178924685819493,26.834691239642044,18.294260758082974,12.863040304783134
2020-11-20,1.9205682482932298,0.06177476099357673,0.3432420961374748,31.532691419380605,27.595819634798694,18.961592667076435
2020-11-21,1.9888176346182613,0.06162837498748353,0.5137423844708825,28.953350057304924,24.63225692783984,17.024977183207984
2020-11-22,1.4061861794898944,0.07544716297931078,0.3462561029113937,41.82789839166926,16.01752237086064,10.598639703132841
2020-11-23,1.4426819381577,0.06717436475246999,0.317182093295787,36.02738092650383,19.67064166552737,13.13794413802996
2020-11-24,1.8850411148274269,0.053016457677088756,0.16977158093341396,26.68354734434195,20.533275509931517,14.451319029630627
2020-11-25,2.11301456885185,0.06779297361771994,0.5414710822821409,32.57776456236804,28.670677351102288,19.715806811812634
2020-11-26,2.113311269434729,0.0779635083651068,0.3223598636964513,39.08599718339116,23.73185910585024,16.0190566966397
2020-11-27,1.6081886202339488,0.05675024083838196,0.39690044413339787,29.06873451598058,20.409516606986866,14.034474594937446
2020-11-28,1.8325079723429047,0.055032831441507876,0.24348264633145,27.151756838662816,19.41147596289033,13.589127739227411
2020-11-29,1.665022207238748,0.06964198118750023,0.24095073258344193,29.876668212709138,24.122721958444046,16.821580096807438
2020-11-30,0.8340183395261767,0.07768840793307112,0.2920171828117109,38.40672010020548,10.330621991206655,6.880635473499159
2020-12-01,1.8633763861301567,0.05310502535317411,0.19873259356994796,27.051053984723367,22.225218698173613,15.579442075335143
2020-12-02,1.8026474772238101,0.054061446853077316,0.24505977159259287,27.6658673511572,22.671122997363756,15.786089588676434
2020-12-03,1.7265967191541964,0.06163701560683898,0.2338423486467922,29.61461201219798,24.17760020245686,16.790714931583754
2020-12-04,1.8261562692357267,0.07449735604081335,0.37168369281506475,29.38597868485385,17.811294802537606,12.439897423746892
2020-12-05,1.6737322165835313,0.06935364897726903,0.23852266501274363,29.852780706093775,24.250425229446694,16.914616126532735
2020-12-06,1.0816597285946674,0.07952674617016237,0.3301853620373234,33.245458326597756,15.96698274833793,10.76618948842901
2020-12-07,1.8061694159784818,0.05690911511516623,0.2687197967404546,27.31786633724682,18.732472531004742,13.08933193275331
2020-12-08,1.8703947451041307,0.05764182051774408,0.18687484070033572,26.95345073442285,18.140795317463063,12.74696288880346
2020-12-09,1.6344262450778804,0.06522160867659356,0.2914926876436985,31.15343540984828,23.954825008472014,16.477410551813076
2020-12-10,1.1575984463286408,0.07448495539779247,0.31418780701375715,40.219986911123826,13.639809261595815,9.009456097525288
2020-12-11,1.5440750140492219,0.07548214500739582,0.2828214084567373,30.717634037503124,23.43461402288206,16.27437330103642
2020-12-12,1.8728071988807167,0.05308265108805763,0.18697451246695362,26.921818831215564,21.83699275923271,15.327308428699693
2020-12-13,1.4897176771594332,0.07324554963092231,0.340596876956402,40.986110881982036,17.088122150097444,11.319827023051873
2020-12-14,1.7523483492051177,0.067193077243127,0.3487262641702015,28.27133051018531,18.29133778147468,12.724637205021583
2020-12-15,1.8013682495502554,0.067136366208224,0.19192125082760306,29.0090645102137,25.793465314459986,18.128624791862936
2020-12-16,1.8036966572053754,0.0564022580832212,0.28203330850715386,27.377379517829585,19.26161931647689,13.443244821019388
2020-12-17,1.8684135672710802,0.055316144976083934,0.1952743719203369,26.910712577105393,18.86869534361475,13.248641217677514
2020-12-18,2.0896418756952375,0.07645804640391599,0.3272154847478613,34.80315543747722,21.024080690696753,14.44228742005615
2020-12-19,1.4300927940420138,0.07516309797107842,0.3410301519971775,41.57119533315698,16.322118905035,10.799494127514617
2020-12-20,1.722121517101898,0.05457056096137519,0.28938559729708496,28.252280203891683,22.03720932195329,15.26768154914194
2020-12-21,1.9163128738229838,0.05944859686127081,0.1450561084792947,26.846010327930657,17.022894295057522,11.967760012083627
2020-12-22,1.5750544525090149,0.06589829875486186,0.37344126366153296,35.01844083307945,23.3250665808623,15.708382291943588
2020-12-23,1.735674652456697,0.0717964110185786,0.3737619324316257,30.235169265732278,18.405564920046743,12.762507258585222
2020-12-24,1.5675573988205571,0.07195114555179337,0.27262949221636973,30.508700061857468,22.856029690760217,15.849203698765653
2020-12-25,1.633836843085574,0.05530004803861229,0.304705170446215,29.55554426785244,23.133527261121923,15.898360949178482
2020-12-26,1.7152062479325016,0.055646179991163724,0.3415691650664138,27.926498287495097,19.73931327845335,13.698362986652935
2020-12-27,1.812038044324061,0.05430407725023947,0.24922819827700532,27.444714189737642,21.42055661192167,14.94046528914786
2020-12-28,2.024035498670331,0.07648480470792486,0.32617212883809055,33.96361026435108,20.31870995601903,14.0089553699936
2020-12-29,1.8525141231990363,0.06300714326991365,0.4961257133160612,28.805486312284298,22.073225748279203,15.250167343904431
2020-12-30,1.8865624511922743,0.05375795771129084,0.17231042461444251,26.70493091944627,19.795750198825665,13.921347301903587
2020-12-31,0.8471184891386929,0.079259479120763,0.29545023461557407,36.38550045943621,11.153163012170564,7.4264690730290335
2021-01-01,1.8461134143473172,0.06888291844388914,0.3375081831892179,34.2301498201257,21.692954559982457,14.78450697347108
2021-01-02,1.875912080975243,0.05296383327807637,0.18806806412302401,26.845619582829062,21.19160172460561,14.894521423773321
2021-01-03,1.8313945516703094,0.057922000699265605,0.2373294621536548,27.19721439738714,18.531711348426782,12.975797178792407
2021-01-04,1.5775156581143668,0.056805857855099826,0.3806584290393646,29.221921092250213,20.345599873825822,13.969454149796695
2021-01-05,0.80379430049648,0.0782591189827299,0.2874556829234815,37.712221749150046,10.178898600635598,6.78015402137967
2021-01-06,1.72521313209719,0.05736396114179005,0.42077840230841385,28.808777005433285,21.857908362240366,15.069226910869453
2021-01-07,1.8559374156751898,0.07345497976262619,0.35844558776761204,28.73336056510866,18.438616193815815,12.89387371980471
2021-01-08,1.5650273185612846,0.05775354048644165,0.43526975592539985,29.27551049802133,19.481289993900983,13.374685551268746
2021-01-09,2.2037390560694967,0.08075693244397716,0.3213716387968523,39.23949872788771,23.808912730116568,16.126168649299288
2021-01-10,1.817171459543642,0.05804490780052142,0.3393238873313801,27.705382685048207,20.752352056602103,14.420862648259074
2021-01-11,1.8665780101348903,0.055522853339244685,0.19953899512305728,26.927384148463535,18.542788953000624,13.023229334890729
2021-01-12,1.660404177563112,0.054962466422362175,0.2917511720890022,29.43256498954618,23.702255257441017,16.31417879400352
2021-01-13,1.718518769651889,0.06415511885680626,0.365150966281902,28.1797703009079,18.607142115542327,12.9077115162232
2021-01-14,1.879191276249185,0.05278437977572212,0.16678401894840994,26.71148397178241,21.349646006248683,15.018017803645433
2021-01-15,1.5218344678535987,0.056793332409033545,0.370008479184463,29.908552485855562,20.567658076685294,14.061798289701064
2021-01-16,1.7400610474667513,0.06163362733692578,0.3492911051203687,27.86959183140119,18.497350786515725,12.85040240141929
2021-01-17,1.870682685592779,0.055305905815593887,0.1428911521637802,26.569650089197985,17.29143039322053,12.141633379299526
2021-01-18,1.8556809607426192,0.05491996965771417,0.21623842692364062,26.98720373119173,19.25811137779956,13.511768371792659
2021-01-19,0.9409025979640042,0.07565523089905112,0.30334970022373,38.82765339080979,11.379801889790087,7.5610237837101435
2021-01-20,1.710774528956642,0.0671160073795214,0.41404699027719827,32.48374127519897,22.94371165406147,15.677107019942683
2021-01-21,1.8353442115476692,0.07179558253878791,0.3277022662744507,34.21173538065,21.743853594936297,14.849801264105006
2021-01-22,1.9137193780989494,0.07859029846828978,0.3450745596132029,41.7382128363784,21.219434183175682,14.20817069019158
2021-01-23,1.5626486990616937,0.06737029225681601,0.3163691319544476,36.28698129734613,20.94511081137668,14.021703076139733
2021-01-24,1.6964440304572248,0.07656159575621628,0.2543323304279773,30.158214225387052,27.10337876072443,19.021010524470313
2021-01-25,1.9241297979087737,0.07758484795923505,0.35867561219125305,42.05886366996538,21.847380878734583,14.625057458487568
2021-01-26,1.0254358568441606,0.0743155578344361,0.3081547965112488,37.16869728962368,12.496567829058522,8.328312397089164
2021-01-27,1.733801007954284,0.06990503679796359,0.381744762872022,28.767077320763565,16.73512046314445,11.649244630392069
2021-01-28,1.8545622078387523,0.05648287288439272,0.2171604781601539,27.06801746178135,19.358458961824457,13.564973772974184
2021-01-29,1.7277235338839134,0.07192458640158034,0.23130414243734718,29.746515170623734,25.73052963053698,18.034455015337386
2021-01-30,1.712497728362473,0.061739991396207256,0.3616004140706829,27.901928789007645,17.663664312712918,12.269476891010179
2021-01-31,1.8310894718668604,0.055967635460718805,0.2838579578150844,27.430999893279914,20.850387298404254,14.533438281531316
2021-02-01,1.6739383961926868,0.05749270212157196,0.41424314645251664,28.482773029847433,19.954634331965977,13.775488196347144
2021-02-02,0.8432594771929446,0.07892900596733236,0.29737922362720154,36.30107579603593,11.10413072137434,7.39476914207494
2021-02-03,1.881957053826436,0.05351769857199115,0.18291747880085543,26.742976840897903,19.813447593585167,13.94168066050322
2021-02-04,0.9920266348561502,0.07485280042485822,0.3069106164890806,39.21595122881437,11.88721889307385,7.883760619356901
2021-02-05,2.0460053071710496,0.0831605727136322,0.3212227994639082,33.174200389369496,19.259321644149292,13.433542488425394
2021-02-06,1.674158287253683,0.05499156146424223,0.29019477493612233,29.174605352772957,23.483934210370567,16.18325286683827
2021-02-07,1.8096114982219722,0.07007609132090133,0.3167514915229422,36.42347587544793,22.590042486879227,15.231667559476502
2021-02-08,1.8120310616402533,0.061415312290543554,0.2153144632723769,29.259578904317635,25.27900126029437,17.62209000499153
2021-02-09,1.9189798781638292,0.07670279048669797,0.30818171426295143,37.87797806160512,21.662747412135257,14.62758689125546
2021-02-10,1.3751016833782688,0.058792661263912825,0.43707063371234617,30.409021843049512,17.69251082778511,12.041731368368499
2021-02-11,1.1018719955810108,0.07307803207939867,0.3111958649820667,36.42255864579967,13.670674720987789,9.119244327637514
2021-02-12,1.5818048668616074,0.05738827649256997,0.4217652083196496,29.31491908535844,20.145814239275218,13.829532332034342
2021-02-13,1.954824533306047,0.06784635745654045,0.5286219994094101,30.54430530901518,26.040486177651143,17.96267177714775
2021-02-14,2.2908235336971794,0.06775363941534984,0.53381924353877,32.722119508626484,31.567145458863607,21.708804039998444
2021-02-15,1.8787116293505457,0.05673198772914737,0.16929598600493476,26.816143037509313,17.876821556691173,12.574309258518522
2021-02-16,1.8774496679496793,0.05458288725364563,0.1905864470225826,26.846801043144673,19.51519762279933,13.709463651064745
2021-02-17,1.512411336055227,0.06396523500631796,0.3221644478107138,34.003799024032695,20.957723253730414,14.13968682717094
2021-02-18,1.5276567565702723,0.06721000797115721,0.3643342623654596,35.81371847387837,22.955469575022814,15.391341971724941
2021-02-19,1.6024454262811323,0.06439138164326946,0.27915325302016475,30.90228317213838,22.937940884057518,15.783247945587819
2021-02-20,0.8469891825303647,0.0773573452844048,0.29502841349970177,38.59451364567513,10.436580810125768,6.948894439254869
2021-02-21,0.9060004781779263,0.07984534179120918,0.3145127324489396,34.59636100541482,12.873466775208064,8.586793438295922
2021-02-22,1.8395500724418248,0.053408333928852365,0.21554169104649035,27.45063928240799,23.482118810845968,16.39520927855694
2021-02-23,1.7267701436283998,0.05801591100784731,0.44620453219652273,28.542375165891777,20.619750874356825,14.238796405974371
2021-02-24,1.813975929517504,0.05735509747018326,0.2612097440154105,27.288667860110657,18.70103311196509,13.074544276121774
2021-02-25,1.6207884288121779,0.06543004835008615,0.29136973788248366,31.130786690401543,23.652803040896174,16.267696498118244
2021-02-26,1.8048128709514941,0.05926469293542555,0.3739173521163994,27.88601828104299,20.561074961237505,14.265109385970904
2021-02-27,1.4888163396377578,0.07036853141009469,0.32117007439487405,39.04587233985601,17.60800489678346,11.685663435134378
2021-02-28,2.0281646770004897,0.07767614537001535,0.30914949894467997,37.57334975397144,22.478855684076645,15.235243425988852
2021-03-01,1.8084860165500725,0.056248755648156686,0.289886711652503,27.42849464391018,19.925646619152978,13.892530024715832
2021-03-02,0.9283693153187786,0.07726505210464531,0.30711166680107216,40.58741513891318,11.179187406163608,7.402143126514391
2021-03-03,2.2550606394344546,0.07018062582064505,0.6129189384864078,31.603010382292215,29.493242210645814,20.37103837855383
2021-03-04,1.7046384003422879,0.06618867561073034,0.44374537246342993,29.232461984982365,20.529694221778445,14.15977015292898
2021-03-05,1.7389513720518344,0.06637227151203803,0.469719666222538,31.650104721509546,22.80253591810202,15.62463716510998
2021-03-06,1.8433387497179474,0.059244347383642676,0.4101605933594796,28.095424709029025,21.78355766615511,15.089601280146807
2021-03-07,1.6208051872533162,0.07297351616734256,0.3281934278477266,40.21077771459794,18.92268055776041,12.56453284211961
2021-03-08,1.6952755735404366,0.07489402260521286,0.3257135605699702,40.391950338008904,19.42653461026004,12.930149648637537
2021-03-09,1.357616090939854,0.07854281223721003,0.3163972629585189,31.557955429397698,21.01093829838079,14.452075742780853
2021-03-10,1.7271060741984896,0.0718410480226859,0.31696319377945786,38.9180189611847,20.62007911326077,13.752908510948412
2021-03-11,1.8711940719632711,0.06207728888637531,0.2284365279280358,27.29771364215898,17.602852096112628,12.354829371825474
2021-03-12,1.8732963676209118,0.05376546182631804,0.14840945577162265,26.51834123788996,18.539744949757356,13.041714567142693
2021-03-13,0.9817069264568811,0.07831356763051218,0.3159613146498126,34.87880447986064,13.386968117504574,8.951156111830608
2021-03-14,1.7879763507124686,0.07038254918193779,0.3592835544459036,28.57718706211809,17.90076282557316,12.480876351266883
2021-03-15,1.7497994156995647,0.06540771391572883,0.41525516343669927,33.385183635278146,25.306556824593514,17.235785295950436
2021-03-16,2.023028341749498,0.07977251523114692,0.33244345089482524,32.680718977879394,18.431880878205856,12.849358613525007
2021-03-17,1.7348200989165328,0.06779995196672611,0.4738749938940898,32.04658909769655,23.50288037995457,16.093985850688146
2021-03-18,1.823392269068899,0.059661967582748346,0.2457224335854259,29.585813505174244,25.11721982286227,17.424968875207554
2021-03-19,1.7040138944941126,0.055127254239190876,0.3192092940584702,28.23928875292543,21.159703871342575,14.649769699127852
2021-03-20,2.2190547477752243,0.06562638743894356,0.46239322587713727,33.012410831571394,31.87117353460097,21.869891336240663
2021-03-21,1.7761766307407048,0.07005196981314936,0.3186214630040986,38.30307446781121,21.546156586707433,14.401542650276703
2021-03-22,1.586641581498309,0.059737465459058794,0.48067743259786544,29.9338771173724,20.438432804061016,13.996795042586456
2021-03-23,1.7678994843130493,0.06541601995670726,0.4859801679924924,29.351361172784312,21.629527434571987,14.913703837546562
2021-03-24,1.8617219978993025,0.07586821393447277,0.36936354301437074,29.96921088563996,17.577311808659474,12.2871961496363
2021-03-25,1.9831908610482005,0.0623965271103367,0.5110163503439032,28.896911441045983,24.357984900673863,16.840278319998536
2021-03-26,1.7197463254652672,0.054432632353145265,0.25799437847550805,29.12739042948549,24.92453441756344,17.216901863247045
2021-03-27,1.8302025440654066,0.0633033115181651,0.16039675931787875,28.312402894118584,25.267430380496165,17.77797159101322
2021-03-28,2.207273817570797,0.06773189182084426,0.5067409723786616,33.75649229798028,31.71134502696049,21.752919622901626
2021-03-29,0.8422388627360465,0.0799053348806676,0.30144273482713196,35.57508589372369,11.549670106922669,7.684575726435941
2021-03-30,1.0132449161423391,0.07437397097044753,0.3058364563073079,38.034928442293456,12.277032848164554,8.160286358761383
2021-03-31,1.9404167174531963,0.05941047351397941,0.4606673435374482,28.648346159944595,24.559244859686867,16.97725398359034
2021-04-01,1.6722833731723956,0.05785535321764223,0.4369236245397546,29.09883243167268,21.230528291381564,14.606348651895765
2021-04-02,0.8104102664463044,0.07823198626958486,0.2879727751956856,37.969361018888726,10.185269002603738,6.785066042230707
2021-04-03,1.8613406164055193,0.05629580905165349,0.20161986688035002,26.983663962750327,19.06526827112788,13.377238796688218
2021-04-04,1.8183121761620307,0.05539767057394843,0.25725075759157234,27.255112542145284,19.494857813176246,13.628065393336911
2021-04-05,1.853736600696918,0.055892275664373464,0.22892818302769893,27.126644382395074,20.126710368318378,14.087272535191925
2021-04-06,0.9723613024487741,0.076565485893695,0.3097754960396628,35.867782967707235,12.510104474806596,8.353483692734915
2021-04-07,1.7758366375182175,0.05750941510811874,0.39324810210481564,27.97698281819251,20.425864371392727,14.159853497209511
2021-04-08,1.8936367985945965,0.07832485832304426,0.3482467415942241,30.86844649134268,18.922746572288577,13.22075792560175
2021-04-09,1.7455532456761562,0.055854277120127464,0.33765007202554215,27.948814247622607,20.708217677048513,14.362496516310005
2021-04-10,1.830875039995023,0.07052922728026488,0.3409339760424691,28.364222415668994,18.524026157105975,12.936151759760929
2021-04-11,1.6932471673732692,0.06703004197970168,0.4718325760678009,30.239855571234003,21.186826673734846,14.567993084824902
2021-04-12,1.6776533744151672,0.05508056727867842,0.3244735755220933,28.481271329870147,21.263425531251578,14.696906842931593
2021-04-13,1.871548919258585,0.052987933542756785,0.1883419918315276,26.931883318031275,21.89301708880398,15.367823009513861
2021-04-14,1.6833560688018998,0.06917204726930368,0.38970803732932485,30.874091539041395,18.723633919177903,12.90529982378812
2021-04-15,1.6709658042168432,0.0677844896660172,0.39954037846940754,30.652589803998328,18.855158697866678,12.984840694692672
2021-04-16,1.68311675318413,0.055265347481225365,0.33635567569347485,28.39148759410689,20.908890840255587,14.458536908909714
2021-04-17,1.3063069494478625,0.069850171254902,0.31853061302165214,34.40213367382048,17.339846548420525,11.660252690047733
2021-04-18,1.3156690779813331,0.0816015861782718,0.32550340058341465,31.359248696115962,22.722441958066216,15.680917044195574
2021-04-19,1.4972775750021594,0.0576407902287736,0.4115358663282516,29.875047905449755,19.60311063694917,13.398487619448616
2021-04-20,2.3135082420619106,0.07286503842244124,0.5729264389704563,34.34537547682921,33.929574371120815,23.350741929332578
2021-04-21,1.6751716016320548,0.07614021022267731,0.3430818645704257,41.51129601997803,18.686726296721734,12.433531508224354
2021-04-22,1.7509823458155178,0.07154410440232264,0.37048158591740665,30.552468784670527,18.578788875694496,12.871984601301815
2021-04-23,1.783936741171878,0.05617948464719613,0.35545389249911513,28.01445744790202,21.688001636633015,15.032984055163823
2021-04-24,1.7832625313107813,0.06267151336086277,0.3733639650911355,32.83133572970349,26.161168070088447,17.847331230441988
2021-04-25,1.6671210115544848,0.0773170498330468,0.26208785083986225,30.28109334643287,26.974879647909987,18.916249409691765
2021-04-26,1.8028873006731296,0.053680314284753235,0.22636579402528034,28.146188625768726,25.06570831978599,17.427675579937215
2021-04-27,2.3006934937802948,0.06996867838496176,0.5832760163279394,32.272653259524475,31.00694250536255,21.37745628495513
2021-04-28,0.9003830360125904,0.07661115849754066,0.3021610830473223,39.50268037972015,10.907048015004808,7.243544252362342
2021-04-29,2.010960359761634,0.07759673611315464,0.33253508229405143,40.45061613545399,22.872344447901995,15.356097924460604
2021-04-30,1.8390677594275502,0.058843777404844734,0.2252730649131887,27.170152169187507,17.942247455315595,12.580370901270863
2021-05-01,1.263218775518347,0.07548301331794567,0.3406103666776525,41.709602124217994,14.61291658515096,9.649411848277548
2021-05-02,1.67374675326164,0.05485513580332489,0.28603843964819664,29.291979119141207,23.790171939064642,16.390948136849108
2021-05-03,2.3718702750732517,0.06797148711415782,0.5199116699470605,33.37382105765276,34.00142018260951,23.350691658179244
2021-05-04,1.5651385971496004,0.055673086996673504,0.31675009319817843,30.29946495550114,22.597318754872774,15.454962762122788
2021-05-05,1.8079520316756215,0.06409862025261882,0.2884321043169862,27.688782278059325,18.295879947759968,12.77602358420737
2021-05-06,1.7776987923318202,0.06437636544706324,0.4509131646389406,28.809692917222854,21.429094490897967,14.800441606153745
2021-05-07,1.473939731785642,0.05784627445993593,0.40432809851537654,30.099983321309676,19.67852856790646,13.425448832738173
2021-05-08,1.8258161490553524,0.06500109762768923,0.17310629760462456,28.60631635167302,25.593872222283206,18.00759566727959
2021-05-09,1.8046653458863222,0.05388845655524402,0.24611291577571004,27.51797065966932,21.872534247703197,15.251675478504533
2021-05-10,1.7379371054893071,0.0546355939695603,0.2891379498687005,28.12218185294191,22.110661486960716,15.331566924557352
2021-05-11,1.7373400225448126,0.05965886874968509,0.2466863317468551,29.740035918374232,24.069871827435485,16.671756184762828
2021-05-12,1.8253827148277306,0.059717111941124085,0.24903288520926514,27.354491607030607,19.06444492326268,13.32558650955978
2021-05-13,1.877549075975522,0.061194028524911355,0.46296174771160914,28.553940034826077,22.822993086886292,15.779340024878431
2021-05-14,1.7863241207657004,0.05917133760208824,0.4761543043862419,28.967866270775534,22.19800054146288,15.305591290458212
2021-05-15,2.2172547388475095,0.08290666755624164,0.3233553475466623,40.42976761097782,24.430465185127712,16.533163906713725
2021-05-16,1.8080043383252347,0.0575663863706483,0.3235776194933041,27.621159654027498,20.342409171631072,14.148443268327153
2021-05-17,1.76653811488634,0.06450310692273493,0.4138343215315077,33.76008873434535,25.97164586093096,17.66416431448423
2021-05-18,1.9508027613486378,0.07595549109396108,0.335762066267653,32.64493516086919,19.16032185674114,13.281427270128697
2021-05-19,1.7554761471983218,0.0708755132450851,0.21954694556912993,29.52969512857697,25.85777630105314,18.14701874228384
2021-05-20,1.8771650283661034,0.06544711981346543,0.27933846936056655,27.625842664882498,17.371462006201956,12.17394847041945
2021-05-21,1.8133769422046984,0.05659795456916405,0.27062639199226224,27.34610145968057,19.496436660641578,13.609437285175465
2021-05-22,1.8450255122100916,0.05305672126383944,0.20626536907240337,27.36841148944398,23.552416948396512,16.46696473531973
2021-05-23,1.949680580581811,0.0602937365308273,0.4843614014424283,28.773948635973344,24.396475038069156,16.860529657242726
2021-05-24,1.9026426832959915,0.0632669354135092,0.4511235096978914,28.72453684224961,23.836022696350582,16.483072671188904
2021-05-25,1.6653561699615829,0.06520161098010742,0.24241827442302366,29.901345775609165,23.603015250499816,16.38876531045422
2021-05-26,1.506453202399023,0.07652330777512033,0.34368215716607453,41.943168855568224,17.012198107757538,11.275785523953605
2021-05-27,2.1595125142425093,0.08070429476804504,0.3475900224816371,41.63515101538381,24.696797131544688,16.649094478008653
2021-05-28,1.815576741519871,0.05643459269351355,0.3326889802724645,27.757483569428935,21.591741452143808,14.996528208519054
2021-05-29,1.8453377016552355,0.07298717546235314,0.3278213295153662,34.25702293560331,21.184615187041246,14.487285393992906
2021-05-30,1.995366503324589,0.06874698402900152,0.2591643033399999,27.70136519283167,18.881859740773436,13.270599128284974
2021-05-31,1.8005294387881303,0.06235504735773943,0.18481087222180506,28.72238082543273,24.7771166412184,17.36156901329937
2021-06-01,1.867204166435602,0.05318891158736527,0.19567330575000208,27.083873278610366,22.553398922535724,15.798632241433957
2021-06-02,0.8494552125354382,0.07840857992343087,0.2938453896223493,37.08166458387585,10.866434410286804,7.237907268563185
2021-06-03,1.880048876778647,0.05311383857248595,0.16071769541476455,26.62994410105459,20.44743278473448,14.38419910237552
2021-06-04,1.5211501648404526,0.07726334203738504,0.2889255073226041,30.73834814039292,23.71391415661011,16.482442958847106
2021-06-05,2.1009688044942827,0.07968131075880468,0.3530691935596933,41.838910418883096,23.930872737168663,16.10338655636212
2021-06-06,1.8561396595898356,0.06192807224099724,0.3066521937345753,31.02002528001049,26.8290077117662,18.483393612660826
2021-06-07,1.8388539623451496,0.05376757551193788,0.22812560630409057,27.167460442813134,21.068504800679523,14.745958259337398
2021-06-08,1.658203489542728,0.05492838456943433,0.30049950308316736,29.128710264963548,22.798024925343928,15.707690402122664
2021-06-09,1.872936949841651,0.05431589370879256,0.14675523757607695,26.52863173747101,17.933298819275144,12.61000971493815
2021-06-10,1.6753716872626145,0.06708502967042468,0.40365225525528503,31.571727711637788,20.949968380407654,14.357216722284557
2021-06-11,1.7990468245789435,0.07338029974457065,0.3587424850167206,30.937649886873192,18.291075557098907,12.698949968591586
2021-06-12,1.8171945658791508,0.054181024102866716,0.24669424873265,27.367828995902983,21.202758179865878,14.801727489339095
2021-06-13,1.762855574404093,0.07389141866774665,0.23057074166234667,29.79038273283854,27.129513178931084,19.069478530912395
2021-06-14,1.8502644294341113,0.0721544523681212,0.3384795665008532,32.91539139267056,20.06953995318865,13.809077264326628
2021-06-15,1.8885495960460332,0.055366995578621396,0.15986006993538227,26.667775211539748,17.6919460368219,12.456488227273113
2021-06-16,0.9959667094130105,0.07705890402749685,0.32089801797392203,41.22995559325577,11.93820594739858,7.885188055526648
2021-06-17,1.1643043619416962,0.0716367109173876,0.3085894904403876,37.64019418244681,14.4361205100346,9.574289547166282
2021-06-18,1.8536086271464076,0.06711790332365777,0.5204177401299502,31.11461129284019,24.571197156758927,16.89853994086567
2021-06-19,1.8327646811912501,0.05682036687297266,0.25493774335989344,27.264441004882617,19.671936283774205,13.746727804938164
2021-06-20,1.8789598320204344,0.05386192130348648,0.15063538315955763,26.530626316598358,18.434110702268395,12.973615675322607
2021-06-21,1.9849809672606975,0.07930777524394585,0.3553790409970542,42.21572970769756,22.483036604193906,15.084209037488897
2021-06-22,1.747169102188181,0.05539814588767449,0.296555034560553,27.676932751647982,19.654924706612885,13.674435240589725
2021-06-23,1.7024724987830542,0.05561629098948428,0.32781302182118144,28.254759755016956,21.009126566329975,14.536783959078386
2021-06-24,1.8107066369587803,0.05718621239592817,0.26144359326855243,27.260763520208105,18.24530731797317,12.76444666676395
2021-06-25,1.410528647070904,0.06666237486336021,0.31030523492553935,35.021821140619366,18.22491616371707,12.231598899896015
2021-06-26,1.768511421330371,0.0540548243255197,0.2685661455252351,27.838614903962846,22.17962649778966,15.424715402915112
2021-06-27,1.9487502331828621,0.061558092285240104,0.16955220845429705,27.045672508762653,17.523722681682816,12.345293727792544
2021-06-28,1.735640373827096,0.07091835786502985,0.3343434041040049,34.76023146208447,21.90482635439834,14.879487703075455
2021-06-29,1.705525962933179,0.0547578797109731,0.2851650213244235,28.74010931946027,23.302548291809693,16.099474666877466
2021-06-30,1.6830072520062378,0.07456327329185199,0.3228074304388566,40.1673226421531,19.488580931789677,12.970591468571875
2021-07-01,1.8666620562563565,0.05819049188066338,0.19566339409505884,27.01109914495924,17.79305095418383,12.503777507461953
2021-07-02,1.8605784882073904,0.055922987835075724,0.14084943349987314,26.605787092337117,17.19079307876645,12.057762574582576
2021-07-03,1.6882685772973858,0.05537401906915464,0.3306922547641918,28.3769160305713,21.05083491197342,14.556039133731455
2021-07-04,1.8901163833345738,0.06164077031973652,0.5060079211848519,28.673701761140645,22.17008739846949,15.329565338899497
2021-07-05,1.0974192650747845,0.07276507649384999,0.3088451576725642,37.449186379632195,13.252894444533787,8.818515673751559
2021-07-06,1.6600229230272165,0.0551412082818193,0.28824594205100895,29.608399626333206,24.126171217540787,16.59471431934915
2021-07-07,1.8905913327913786,0.07035179718047635,0.4998211566491268,34.31590090829749,28.499079920079105,19.48529769866252
2021-07-08,0.9480204284427648,0.08333251413480741,0.34069249769392485,32.75878694988835,16.55460923708179,11.106619124200133
2021-07-09,1.8118995332688952,0.05938989428840941,0.3519456396120002,27.81105847875446,20.673200637329575,14.354596007685606
2021-07-10,1.9290740458761124,0.064667398182766,0.22726084525569307,27.397171119636358,18.127962826682104,12.738493522391302
2021-07-11,1.8045141390424158,0.06667682546278626,0.18662176448169196,28.845267194701346,25.301578228927568,17.78773080938599
2021-07-12,1.812605673038676,0.054295412732428515,0.25490981799181683,27.282578035104063,20.0817196336355,14.03824096266244
2021-07-13,2.1941358345078323,0.06806100276231136,0.6041778458792552,30.67222985205575,27.79328559217897,19.208417415334505
2021-07-14,2.269834855750374,0.08280382719145453,0.32109596318239403,39.34313381741246,24.269642792090934,16.47934731414163
2021-07-15,1.7388783077876293,0.06672121286080278,0.47511588374034325,31.76376871566538,22.995536726146543,15.753644850897906
2021-07-16,1.6653887346597036,0.069549818121554,0.4085139220049383,30.308102201355553,19.979873886568587,13.770679363652956
2021-07-17,1.835785390206423,0.06153640310918132,0.2429727718826588,27.382359046889835,18.213946749619947,12.751786273673611
2021-07-18,2.2649859531564807,0.06781881581426795,0.6092517906662092,30.568339097945135,29.32998278127753,20.271763434114426
2021-07-19,1.8702873387313808,0.053219390084280414,0.1929875557143793,27.02179554501681,22.221476041173904,15.575494466873119
2021-07-20,2.146945333841345,0.08207603690455798,0.30590394604075943,36.114648870027835,21.263425531251578,14.602162916917937
2021-07-21,1.636671495316746,0.05489285553225673,0.2949321141633965,29.56777597328389,23.220670105776474,15.966827614172976
2021-07-22,1.9994760031821996,0.07549471825037309,0.3435767275916058,40.49833975219581,23.02957088289055,15.438066362901285
2021-07-23,1.8674375150326636,0.05393557899872337,0.2045544159059274,26.890685737522453,19.789167083377876,13.901466383683987
2021-07-24,1.8896166770897236,0.0731064473429889,0.3515100614480842,28.48093329911616,18.4499926975033,12.915216470246344
2021-07-25,1.7681111231113635,0.05930971762558874,0.353298107548963,27.75348848081013,19.09240757715219,13.26672560362787
2021-07-26,1.7859765100699687,0.06513937940198378,0.18928668359105438,28.8975367649944,25.066784723342497,17.590453574441653
2021-07-27,0.9241772293554071,0.07743896382070736,0.3115975132068615,40.854588584717696,11.181041314162972,7.398658541833101
2021-07-28,1.902657283453044,0.058399327206363684,0.14731652102353632,26.786003609268477,16.94997574748612,11.918805169209234
2021-07-29,1.7921170822103822,0.059509867190406546,0.19527486544672412,28.661893747278036,23.962363500841334,16.736508076110756
2021-07-30,1.6824355606392258,0.06823030738722968,0.42185975975000006,32.173769050577256,22.595622548246254,15.455371545974923
2021-07-31,1.8717366899740662,0.05338375835044588,0.19215405133717214,27.0080522556679,22.098230584559445,15.486248617524398
2021-08-01,1.6820343102360626,0.06867540815477713,0.4276917816313154,31.941997242762838,22.347956209668567,15.302310436240445
2021-08-02,1.9236399943791418,0.0794831314888737,0.35500632575670976,30.593017978703855,18.696329576833172,13.095434586183377
2021-08-03,2.062165522743836,0.07511721293651721,0.31860741806566245,36.42423364419469,22.993545287880167,15.63085226717251
2021-08-04,1.8654284064643827,0.07604751076917429,0.37126873994141457,30.065817175841474,17.18640494638022,12.018946629581153
2021-08-05,1.7726166680987532,0.07149551618690592,0.3719834895316982,28.986789403705583,17.579184054027774,12.249159407511597
2021-08-06,1.9035429416756238,0.06297270825092119,0.21810543724647374,27.296107831345186,17.709300522782314,12.443667760247152
2021-08-07,1.7781866280141971,0.06257864927355519,0.40765123788008706,28.375926977624438,21.055179034674204,14.566506117026204
2021-08-08,1.6722065001715682,0.05513298986851103,0.2897206194596058,29.341871272357455,23.892498125197665,16.45248399730857
2021-08-09,1.7753757803869152,0.06377699749387526,0.4650247908281638,28.798725038275133,21.193341940917573,14.633465970345686
2021-08-10,1.5950449240660507,0.06725878471883401,0.27517240749009286,30.716905261647543,23.105799325554784,15.950527854166076
2021-08-11,1.8751119923687782,0.0552385838664486,0.1862825062176808,26.83017955041675,18.37135472456096,12.918825409885887
2021-08-12,1.712241209950959,0.066685548399044,0.4168971257269624,32.28560649258871,22.99629589322047,15.720028001491578
2021-08-13,1.4511201306655364,0.059011162187171166,0.4532169869416576,30.209649591129317,18.793759685460458,12.820182823638454
2021-08-14,1.84319592209461,0.05323012845695203,0.20886950218174047,27.384196141903733,23.27652939902733,16.265708141711265
2021-08-15,2.1270803601560146,0.06453899974751294,0.583564647010062,29.941818533838475,26.557203894458915,18.349690865736264
2021-08-16,1.6472300115022351,0.06014634944498701,0.2906891033037162,31.35262447941056,23.154851787456835,15.863130131165024
2021-08-17,1.6958518353913956,0.054951698840467175,0.3014975368197122,28.512422214655576,22.058959275247506,15.248847064666796
2021-08-18,1.7301274180030992,0.054193493785870156,0.27346235912199346,28.436271727040612,23.232048443200856,16.092203870594865
2021-08-19,1.8038434205232228,0.056102574106627195,0.3216098064058824,27.641938990922444,20.886425729572892,14.526159547698187
2021-08-20,1.4218894101469444,0.06722380800151687,0.30753102028500834,36.081798606461625,18.209375243544365,12.165669605219936
2021-08-21,1.7955770655159975,0.060057590581257654,0.31722930732016386,27.652916753810334,19.584778769224503,13.62863292819958
2021-08-22,0.819478804865137,0.07801580615189402,0.2922111181182868,39.46716804160008,10.091036931118778,6.712031316908004
2021-08-23,1.6447632832287808,0.07368389775709887,0.3338176751200244,40.56098284716739,18.768897880657914,12.47127456097956
2021-08-24,2.0852317395602378,0.07019792830242749,0.5398438435290962,33.50300613253034,29.988477699745825,20.60615259393461
2021-08-25,1.7215620136920773,0.054956072257823785,0.3159474136565727,28.091356479252923,21.093003525577146,14.622592849048978
2021-08-26,1.8793514971030978,0.05366528215624333,0.1885693635508373,26.8055573375817,20.15459233778457,14.167686536654433
2021-08-27,2.37145156796057,0.07122782427607544,0.6261951273200739,31.674515418024853,32.45691860929207,22.424224729459713
2021-08-28,1.4953454029136495,0.057850634600372826,0.415736413355032,29.831047898436594,19.476065677491302,13.312694604579077
2021-08-29,1.4750914302612916,0.0742718873900846,0.33086579098009616,40.847896498289764,16.804002955813186,11.130812778205993
2021-08-30,1.9204734107513335,0.06588850304349056,0.25925394007007774,27.567568930397695,17.803761811378962,12.49518510901663
2021-08-31,1.7109043433965196,0.06995439773010817,0.38131998059782646,29.14540028634335,18.26419847545037,12.673917580080053
2021-09-01,1.9181791547679272,0.07877652851047044,0.36247564199120913,30.372046022854178,17.76452350933111,12.451457143164172
2021-09-02,2.0379378951733975,0.0753332177988677,0.32445951002005774,34.52093665793806,21.27404653533893,14.602476450163746
2021-09-03,1.3576082195508345,0.0697477185761708,0.30955419058219596,37.88715562952244,16.563911784342693,10.995482833423427
2021-09-04,1.8849673522948411,0.07566261021103293,0.3158100076849323,39.09151505772629,21.72547588378929,14.574972837588184
2021-09-05,2.0670977097118706,0.06292533089058315,0.5410356686270207,29.33280638135813,26.042591307604926,17.997132652760104
2021-09-06,1.773400760011404,0.06624140091433263,0.4874313823340971,29.876144363879853,22.5643811727911,15.540624807408635
2021-09-07,1.7469078228558892,0.06391436847147684,0.45028377455004565,28.677976894731078,20.34971294567802,14.056943154628804
2021-09-08,1.616164622552665,0.06382842962549656,0.3427008416358966,34.035864502749,23.710177000821083,16.03923924177932
2021-09-09,1.8769982057020451,0.0559209883309655,0.18166813731522097,26.831499385894812,18.027778445240735,12.681538951510925
2021-09-10,1.8661096624882307,0.05311001747498979,0.15031084843276504,26.525211894170393,19.615622223773755,13.801893781099825
2021-09-11,1.7790295014287196,0.05864787114357027,0.306870723106114,27.533396854565385,18.594192265600185,12.959272521520576
2021-09-12,1.8341216070919002,0.07063342985701554,0.3485747926965255,28.374974165791553,17.988310926081184,12.566865159049415
2021-09-13,1.8569116905031826,0.05722126611937972,0.2010688446690249,26.99734333595277,17.948628859705096,12.606654776915464
2021-09-14,1.467489191963114,0.0761119171067485,0.34696585554700676,41.986059884493734,16.64486760071846,11.023475928281478
2021-09-15,1.7576668690245443,0.05396091932770588,0.249636262344834,28.562747284451504,24.728337406113486,17.139082117881735
2021-09-16,1.8803082517426277,0.05332002116962569,0.1829948596256508,26.874793020650113,21.56019934383812,15.130611957868904
2021-09-17,1.848684819398942,0.05307555059138999,0.21100394211564558,27.129751234256805,21.95307197206724,15.382990345645599
2021-09-18,1.7757828073739552,0.06165567498981709,0.3920418619236646,28.131099802697303,20.32684624661564,14.082267909584743
2021-09-19,1.0482301933446712,0.07541681459620893,0.3235649317524327,40.88144127338562,12.420115670493276,8.207898432671648
2021-09-20,2.276314786323837,0.07187968916984647,0.6004114992552264,32.26399295114299,31.836908327008384,21.985930387392788
2021-09-21,1.9075309428349818,0.0778677074231566,0.3615669776579491,30.688056675993586,17.411004708574136,12.185166875164075
2021-09-22,1.6997184013314448,0.05580620404919597,0.3670756369376414,28.213006038140946,20.387493426895514,14.11287245856613
2021-09-23,1.878184627159902,0.05358324672466149,0.18763217750511613,26.845476595161198,20.662242225653813,14.510771283076789
2021-09-24,2.02275068484973,0.07644639988993535,0.3211433005883677,38.95612748092411,23.037232235631734,15.516612394139802
2021-09-25,1.8060880359726514,0.054302327352220035,0.26279622571431105,27.385996995803648,20.662937211936462,14.424474233748795
2021-09-26,1.8587942220577147,0.056690186675092825,0.2004875322756844,26.97139074477014,18.434882705500574,12.944651553450104
2021-09-27,1.7191595895885967,0.06603717267977605,0.2155820573922446,29.353477653840493,24.258847582998698,16.94980328801829
2021-09-28,1.420754343154545,0.0676182573203227,0.3152115041224372,36.56253500656051,19.159669046407046,12.75961005264292
2021-09-29,1.93502316552231,0.05985213024855083,0.14835113740353345,26.875025622708904,16.973940854947724,11.945885445756696
2021-09-30,1.7969126624915623,0.05842770529457872,0.4339057106819369,28.23091376095033,21.091206463421482,14.596068201038397
2021-10-01,1.6653484890093944,0.06341410210248209,0.2641886281614394,30.34168255863604,23.82069265592063,16.459413478918517
2021-10-02,1.7929487833308124,0.07337913403101902,0.36310133063220007,30.579966565167208,17.925459594055287,12.461450519277486
2021-10-03,2.2693846630816137,0.08548694927665369,0.3057766162328581,38.543943454162864,23.27266938286644,15.881199964939416
2021-10-04,1.753684771406951,0.06432227527611348,0.19683794576943084,28.96314504201852,24.33871966087039,17.041299432941376
2021-10-05,1.8826563378702965,0.055924859880756614,0.1661658771484236,26.750306112002466,18.036919623655002,12.689169583417412
2021-10-06,1.8867946571683492,0.05814751183613746,0.1674334585467855,26.871645974098335,17.57668650437878,12.366136412550983
2021-10-07,1.8203475650130059,0.07399209489461897,0.376053704465055,29.425057148589115,17.184466686483756,12.0023161383023
2021-10-08,1.9211779000685778,0.07942846509960798,0.35025082887110603,42.1724499104585,21.35500968666227,14.305987771184219
2021-10-09,1.8719798143284585,0.05499271921164203,0.19755867936715948,26.89093415388552,19.188176320153932,13.476882837227121
2021-10-10,1.7690163963275485,0.05701487374690837,0.3939278730124055,28.2565975089602,21.613970010767236,14.952069988018128
2021-10-11,1.8149410633776033,0.07101192297369878,0.3636733894057802,31.33903076702297,18.215556770612466,12.610103642619384
2021-10-12,1.8808356348069337,0.053771866612392215,0.15716926125429054,26.58947200175463,19.125097604753236,13.457281056201047
2021-10-13,1.247830527379964,0.0746562887360444,0.32365284114015536,33.292569797978054,17.368174115951845,11.75326887589671
2021-10-14,1.8072060271291936,0.0634307991567252,0.17155613122238328,28.48551944735744,24.701946264741732,17.355793122365995
2021-10-15,1.8851242722436812,0.05296551413611325,0.16995704403700934,26.68408766640486,20.628470293285584,14.518137329965711
2021-10-16,1.9426094071266737,0.06751665436445373,0.4883107641017158,33.38509995125132,28.061126704059326,19.21308337211921
2021-10-17,1.3380003355875116,0.06971399520007546,0.3153873640250814,33.57111702320682,17.481082797697457,11.81771781739953
2021-10-18,1.809678151112863,0.06151465817005969,0.2180975408242783,29.319785278571352,25.297588017447236,17.62808814733966
2021-10-19,1.8874265265739945,0.05969636277098164,0.17778675791577223,27.0110049180629,18.104307620755506,12.728131050178488
2021-10-20,1.8727986927022602,0.0537338202712352,0.1944460906973944,26.990504308280897,21.549079563315725,15.099001985820783
2021-10-21,1.44531218819014,0.0746943589756569,0.334581489458637,41.20260211828563,16.530295719610415,10.94079311029338
2021-10-22,1.394628568209423,0.058539943063145465,0.42929315137623014,30.42443551828803,18.202355698715913,12.388570576190057
2021-10-23,1.8246664184269572,0.07408582994786034,0.37335917377245964,29.537183201653686,17.530412153870433,12.238581298509473
2021-10-24,2.1867532333548754,0.08335989114327537,0.3034155859964231,36.76644069237438,21.6996917093293,14.878393644027836
2021-10-25,1.5965019562609246,0.05603697284627796,0.34174555962264414,29.474499911992066,21.765086434426536,14.937524426677658
2021-10-26,0.8896321151487294,0.0768102246657091,0.30294291109906824,39.640537623707424,10.803535401101671,7.174019247297598
2021-10-27,1.5341086929295618,0.05730316612638038,0.40042253632295427,29.47298766914527,19.720271754550886,13.513047640352571
2021-10-28,1.8024236504683042,0.07310377602674073,0.32817989699927713,39.79833538753345,20.95512301481538,13.981188495325565
2021-10-29,1.4727593408274369,0.07077529905501911,0.310295713978986,38.502573234165645,18.060609670582576,11.987584044524452
2021-10-30,2.256906353201637,0.0826430277613105,0.32058508111722894,39.415799227721664,24.513042024917365,16.631754898882733
2021-10-31,1.5069680166324753,0.07353254883841337,0.3293624890410408,40.525396708960685,17.15981942889776,11.37498770751318
2021-11-01,1.2065688330976883,0.07238850321975862,0.3200537588341934,34.60127398261123,15.731353058729406,10.56606928747097
2021-11-02,1.8843434812361028,0.05785336699045173,0.17441644565388376,26.88317394298932,17.31146763625618,12.184033128363822
2021-11-03,1.8761902457065607,0.057647327784044994,0.1394406213003699,26.70895631881495,16.855541964942873,11.819925779371083
2021-11-04,2.3945727575422207,0.07266854532131503,0.6248334880177486,32.78318446781675,32.86559254833278,22.674961367202435
2021-11-05,1.5286337609928449,0.05653039098007981,0.3476626119877566,30.266044059122144,21.580584996883545,14.735819361464424
2021-11-06,1.3772950078411832,0.06806985581238238,0.3225774882696135,34.130108531248645,18.99684421268253,12.791725382074583
2021-11-07,1.8397702174185957,0.065355636525809,0.16962860222631798,28.567448745328164,25.90370407528861,18.241795741424692
2021-11-08,1.4812978935452716,0.06489239683053658,0.3109253713946741,33.0505588870715,20.45855439899377,13.867903774206257
2021-11-09,1.9762030989250927,0.07884108620492948,0.3396852925920175,31.975511707108822,18.232320793293162,12.726333194984157
2021-11-10,1.7353318661606871,0.07024002144871595,0.38366038554399573,28.855275013593385,16.73260457612652,11.647100168824728
2021-11-11,1.7141698272186214,0.06870823401109923,0.36841109877784484,32.4651001640286,19.918152136469104,13.64867259742972
2021-11-12,1.634163251814108,0.06704567688036697,0.435018263103915,29.52723600426139,18.85794597794485,12.996126568616775
2021-11-13,1.6283293464507362,0.06311798165114163,0.3465237792856593,33.11080347922723,24.130722552510537,16.391134669286487
2021-11-14,1.7041171747355215,0.07143420071624312,0.23428829086483963,29.789149217104683,25.181021030599023,17.62357697279023
2021-11-15,1.678956851045217,0.05994410478223699,0.49272363029299576,29.703526620155166,21.405954565038453,14.698293268423619
2021-11-16,1.1894285026340883,0.08008106553473165,0.3314213988741026,32.251247280822426,18.599422083220546,12.66405649647552
2021-11-17,1.8278382073281492,0.05516231061802636,0.26362423961046044,27.30330399872206,20.505134983563337,14.320435436068188
2021-11-18,2.191071705895165,0.08338609712742379,0.3051971134362707,36.60562107857213,21.2496064900219,14.588714060475263
2021-11-19,1.6433249773223002,0.06599898294788603,0.3404635014502572,35.04297409045293,22.864255834464615,15.421396183869797
2021-11-20,2.1914067477600425,0.08234989992767551,0.3283378871339842,40.82579996163414,24.26129195427778,16.39174321482688
2021-11-21,1.451847853276177,0.06676871502418619,0.3067320421913068,35.975792689153515,18.549938693148516,12.404768470965198
2021-11-22,1.785348449400946,0.05666680601946136,0.30997130263379025,27.50041151048345,19.20670073025242,13.384948804099972
2021-11-23,1.6229065307268014,0.06224805397246311,0.32555826426679335,32.42562107125156,23.51757961489314,16.020331996424346
2021-11-24,1.5943453226274718,0.06524911845425874,0.3140352867965084,35.440369765924075,21.748593804806085,14.612189366158443
2021-11-25,1.7346106184023047,0.06432870396064314,0.40134331261630063,33.343041150088574,24.8708260976887,16.92469152400149
2021-11-26,2.0422827749542685,0.061468794378570016,0.347049302633645,31.197281886324053,28.716099013955144,19.76899898374328
2021-11-27,1.6033130564837,0.055866449400129116,0.34837509958209883,29.10949917990973,20.942981842843288,14.40207711201218
2021-11-28,1.413913217391397,0.05874989365010247,0.43447820129110587,30.357459962873,18.506488297456208,12.602138310665682
2021-11-29,2.0618892623808294,0.06299154554462356,0.5567962692939256,29.777553378491163,26.179400916020867,18.07468913603294
2021-11-30,1.84172079840078,0.05624969830945699,0.24099790548061983,27.20874763771288,19.899490196103603,13.912770778559318
2021-12-01,1.874151175076851,0.056725405032348915,0.14336991388657738,26.66691728553254,17.045207205578055,11.969387209941631
2021-12-02,1.6701050297401954,0.06727160756790207,0.4285816919618613,31.927597000856952,21.363659423589073,14.617252200469492
2021-12-03,1.8122903096463467,0.05930427143311854,0.28053940413305506,27.466711228062167,19.42107374179109,13.545796650901297
2021-12-04,0.9064395620315376,0.07717037704548757,0.2999719645024338,37.00740324669302,11.442572537392671,7.624323103311655
2021-12-05,1.6040269406846126,0.06498657002212879,0.2800070947972451,30.88244280956008,23.045454711862345,15.865589448903263
2021-12-06,1.8510310011582995,0.0668265174218904,0.519749834419253,30.17672223282974,23.692166037052786,16.32769511962567
2021-12-07,1.9087532933749762,0.05964257000303366,0.30132940883046777,30.442832825600753,26.31942323147428,18.1573653393956
2021-12-08,1.8335438217462923,0.05345210793317769,0.22203991185974692,27.367555540224803,22.56142885639251,15.762263707844983
2021-12-09,1.6590159565432152,0.05534314492003176,0.3249215329728885,28.659287681718514,21.280844198003262,14.68656950629545
2021-12-10,2.102088953934911,0.0802045886850626,0.31702038114957637,34.75455346791851,20.072072343838617,13.857012131958323
2021-12-11,1.8506601571691716,0.06444513192507434,0.1606022102401563,28.395217793129,26.146168102299335,18.419615394177526
2021-12-12,1.5957297349107464,0.055591301171182446,0.31506975923130925,29.94711369005499,22.82520090610611,15.644057705399025
2021-12-13,1.7871017378260934,0.05991457956815792,0.4989406233199379,29.2112958565619,22.157885713179912,15.268313907333914
2021-12-14,1.8704323246388044,0.05296369254272731,0.19004196403588802,26.957951880778626,22.041700143605556,15.467452497876799
2021-12-15,1.1975653605961543,0.07123773151357243,0.3123704166564386,37.41627417670755,14.044566338631933,9.360006110218153
2021-12-16,1.8649224792830494,0.07527847440346759,0.3743078137430841,29.017133758972715,17.775502092112703,12.441601351259992
2021-12-17,1.543171708680292,0.06301128301348315,0.3084159953516821,32.809348575319135,21.462783905105983,14.575512591024012
2021-12-18,1.8099767560640538,0.05353148532543107,0.22476870150905473,27.904385277605844,24.467609359643152,17.03475624545707
2021-12-19,1.6821768839436255,0.0695351736791,0.4077287832136781,30.15172179455065,20.456335577352593,14.108047750770888
2021-12-20,1.7486417502032066,0.07227334187346895,0.3734369864328438,29.769446570759484,17.59573536322882,12.236766245289
2021-12-21,1.861409935412046,0.05455915077656562,0.14295829231604087,26.529375668701523,17.766777171973263,12.474386080786088
2021-12-22,1.1868853457124124,0.07129026031876282,0.3096377816140305,37.15057014334241,14.428666369562382,9.601159478624782
2021-12-23,1.805265856693777,0.060682739657162935,0.5149308782656933,29.64543738588697,22.844040718950286,15.724449217135037
2021-12-24,0.9693092983143543,0.07879115967600471,0.3178690408995909,34.565689821192564,13.451788882954132,8.996962392996014
2021-12-25,2.107928001092723,0.07850655828021558,0.33297129792955077,40.14094174689621,23.57569440452304,15.883538896494661
2021-12-26,1.792508874250933,0.05807722913389404,0.42800138718489467,28.614452152295883,22.510891067606696,15.541364322532718
2021-12-27,2.1764476807600532,0.07558832584518513,0.33039342453673337,36.97617263145685,23.97141482614782,16.283041106211744
2021-12-28,1.6592788228491,0.06378079203753197,0.3670495622935169,33.98998786496124,24.552894628824557,16.63119265572041
2021-12-29,1.5809518368160922,0.06667140847953945,0.35602584845469804,35.47926043479602,22.95242190430576,15.431683249352606
2021-12-30,1.816566759125903,0.05851715986890153,0.2516909977672039,27.27351643875146,17.956233366602586,12.567955249321772
2021-12-31,1.526746405038591,0.05724309337540363,0.40078258438602693,29.563913988392777,19.746866440717817,13.52440892100668
2022-01-01,1.721193201029148,0.0662985580537383,0.3655410577637963,28.414163329656777,18.77275606308191,13.02499940865822
2022-01-02,1.8412261704714263,0.05615343267531649,0.23055593587073026,27.104624281543472,18.820882487852728,13.187205899524725
2022-01-03,1.6969668430375835,0.06854991205417542,0.22921255704473192,29.674407873469754,24.482836710807064,17.098587380943883
2022-01-04,1.914610749426463,0.07875080846158387,0.3719024895133966,29.406946475541467,18.68269024181906,13.107231109191373
2022-01-05,1.6796178572860234,0.06584537429746375,0.4327539640393741,30.903093655232745,20.759709009018966,14.246128056811012
2022-01-06,1.8077058603319311,0.057431800890804505,0.39012774039445197,28.036659413252845,21.49420865425049,14.893183946509547
2022-01-07,1.7587128115799806,0.0719621282197879,0.3720016060628289,29.3080688558877,18.37168112972801,12.780809927175065
2022-01-08,1.8157831750448012,0.054418096781432994,0.2532024428916482,27.374971790002913,20.987750695362042,14.649024892303414
2022-01-09,1.6377322284660658,0.06227123812968266,0.3090532201719742,31.519925322250348,23.60796817384925,16.163649762887108
2022-01-10,1.7741738065878505,0.07080547749354853,0.3399300405528771,33.890932334384324,21.509278304041555,14.683014806584506
2022-01-11,1.660334160288205,0.06801303590673764,0.4114801389736953,32.00602013578287,21.082518218019917,14.426780092176847
2022-01-12,1.8078103466732705,0.05454254931614451,0.25887398644272086,27.363148620765365,20.450187057548572,14.277634840702284
2022-01-13,1.7365448218170128,0.0696986125608849,0.3752784156379396,28.873396888439895,17.857882722054747,12.413166399422613
2022-01-14,1.878460633607134,0.06278604538115756,0.44114383036762567,28.665375529937073,23.483120031189834,16.237334044427925
2022-01-15,1.6035241239715208,0.05577520244164376,0.3598388950131169,28.98816063567255,20.516958919052847,14.121533649116017
2022-01-16,1.3498157348583713,0.08020447184816903,0.3157792239765298,31.19625395654583,22.563511981503567,15.581970185177948
2022-01-17,1.7287688416499132,0.05411043603146968,0.27340473991628617,28.33872909823984,22.76682022462665,15.778226121954495
2022-01-18,2.2158914650524886,0.06607021627758158,0.5949419930689197,30.4403170333615,28.746667407970367,19.85703171078648
2022-01-19,1.6438928599526903,0.05581462958245191,0.3648492160233192,28.498762609333482,19.98051752821822,13.798944981079098
2022-01-20,1.8631815057729806,0.05330487751499012,0.20719607758429234,26.976221355798423,20.95040114231453,14.701169307564514
2022-01-21,1.3444983576599314,0.0780234881776455,0.31641488596326234,31.532893051760176,20.59717390572363,14.151818050226156
2022-01-22,1.6973669508197597,0.06787421243411841,0.3100739355587315,37.12721109806174,21.465919595193927,14.363783722420441
2022-01-23,1.2325520343352478,0.07935215733119447,0.3291922224374517,32.16717909819779,18.94934125845551,12.926708720484143
2022-01-24,1.5717089852178443,0.07565566107125013,0.34835143087911197,41.808507418904256,17.803351054314813,11.812731712743574
2022-01-25,1.7309447728822522,0.07417091376021048,0.23737381783770575,29.838982066679883,26.519960698151227,18.61804357394826
2022-01-26,1.820504865835508,0.06524755443311542,0.17379289562723751,28.578618256655457,25.108339035086885,17.664309836243884
2022-01-27,1.6987193697154068,0.0654002443206929,0.45376383474229093,29.064285425043064,20.18465278668028,13.921057581309357
2022-01-28,1.5263816550280587,0.058333016958501266,0.4321443972603656,29.72484562018368,19.785248387636393,13.537466191623361
2022-01-29,1.458404339455749,0.06526021264837892,0.3253685033709093,33.95201376680822,20.652272198163665,13.922666258216132
2022-01-30,1.7801439377644146,0.06672064460863865,0.44813403529813695,34.43362720186531,26.725863678978662,18.169136726826927
2022-01-31,1.8480496490882243,0.05500778851552716,0.22167708771074632,27.040291032801942,19.240401146881798,13.489486344538683
2022-02-01,0.8820155306092743,0.08207468265874628,0.3234472257090821,33.77293258513832,13.845758085845587,9.22262033984913
2022-02-02,1.4282350827544705,0.07291645196637493,0.30591435122208993,31.540136662049893,20.580356704673022,14.122296976891686
2022-02-03,0.9397628970087145,0.07801137962685852,0.3160923459056181,41.27984576968398,11.390707123095938,7.52689628521992
2022-02-04,1.9068885359246817,0.07801076092239945,0.3638219819755308,30.483197519417484,17.429327407614334,12.205608713620906
2022-02-05,1.6610219546432545,0.07037576467595955,0.3213612130519224,38.95758635049397,19.847841162760304,13.212549175431894
2022-02-06,1.9161669992103485,0.0651545628873785,0.23892229800479067,27.482049126426006,18.326444674301403,12.864933410583788
2022-02-07,1.682325297714009,0.0690945551996509,0.4227502664249305,32.057730275062006,22.422651648289808,15.352306421158941
2022-02-08,1.3200552825545562,0.07803866635227234,0.320711341617958,31.761947434955765,20.063054025796216,13.753544837915648
2022-02-09,1.7114027165835524,0.06474528324924256,0.2126471999126752,29.216314262453512,23.72882977250212,16.568747945725626
2022-02-10,1.8687741276713277,0.05826044531529768,0.42236757783884454,28.328807599091995,23.171172045809296,16.03066404136014
2022-02-11,1.8316786834223355,0.058510614347478306,0.26245846859306105,27.394321250219182,20.07068420501021,14.006181196084466
2022-02-12,1.4326661669408933,0.05728833049628238,0.371607525242638,30.748251848448444,19.863715823047635,13.502259186261485
2022-02-13,1.378319811908366,0.06803560667026602,0.313530244793592,33.840576294909184,18.29956942638976,12.349712297585826
2022-02-14,0.9018718711582605,0.07846703289020147,0.30393167065225335,35.959482870005786,11.905482912533452,7.935800523536066
2022-02-15,1.0733492557215667,0.07571980983658172,0.31854529543167176,40.871057864766925,12.67907049338756,8.37366623787454
2022-02-16,1.6758193407736264,0.05568326242794888,0.334531273148738,28.382455649574812,20.70149153012303,14.308890268826874
2022-02-17,2.1133836354305537,0.08203476427190838,0.3032938494875768,35.93667205394018,20.977247050435878,14.415910939655404
2022-02-18,1.6917972448200904,0.05549096217807106,0.3393119398800897,28.19499354556571,20.421441398005523,14.13857027839683
2022-02-19,1.0305419126390047,0.07888497970153233,0.3259007715795203,33.755140833893655,14.777685179982623,9.923856626518907
2022-02-20,1.7482482442311755,0.060673209484186065,0.5138616944749916,29.846392386093882,22.194384412308825,15.25597101626465
2022-02-21,1.8867691386329795,0.054509253456864235,0.15888085189234993,26.626066960788542,18.438709714397383,12.975642396557133
2022-02-22,1.4797766206593679,0.0574204305367541,0.3987128580996453,30.110947246681324,19.74290373529089,13.474517447170118
2022-02-23,1.8774918179682998,0.053676243581166294,0.1497907333114392,26.51769087462643,18.582062096049455,13.077045927462823
2022-02-24,1.100911495683802,0.07274160555516442,0.3102997444444816,36.93646818484382,13.380819597700551,8.918182204016954
2022-02-25,0.9300193869814609,0.07732083109978378,0.3055365156454781,36.23235341892728,11.97604144072288,7.987501758892751
2022-02-26,1.8794057081210223,0.058674932161348815,0.44330997937190925,28.561474232956943,23.648831166784777,16.34467089435244
2022-02-27,1.8061784299884882,0.0684010857502372,0.46014591234575636,34.54720224055957,27.48266889978314,18.71230992400522
2022-02-28,1.877039847889116,0.053058617207975826,0.18344269369484917,26.849590949991452,21.508013025585015,15.107786208403837
2022-03-01,1.6184049214339218,0.07003361845470882,0.31512996945054944,38.34248371407767,19.839946925433637,13.212824343850157
2022-03-02,1.4542752880834777,0.06771121965683621,0.30838403951811005,32.16648458666815,20.208397845714664,13.775591384503995
2022-03-03,2.1216597661951098,0.07962638945268029,0.30989856918247444,36.84473335928998,22.095696360172578,15.073996055811007
2022-03-04,1.6664407077147922,0.0648037149729416,0.370963349925726,34.45869353307891,24.80072600372266,16.77919886869437
2022-03-05,1.7742791816344017,0.05679142584336139,0.3700771410430842,27.96299967856202,20.957941468420742,14.52986109209388
2022-03-06,2.061111899236211,0.0629682950028054,0.5552315438832613,29.777905905690748,26.21263556347929,18.09705847634271
2022-03-07,1.746337401067751,0.06150669467361008,0.3700231410308832,27.969416991453087,19.115252271371848,13.259938997927406
2022-03-08,1.8994080502405313,0.07798268289257014,0.3456615681235957,31.14907922794841,18.947087595813358,13.222817719963471
2022-03-09,1.8333098383597934,0.05994779576591986,0.45033499847631864,28.30725204342863,21.5025723282219,14.87783536964078
2022-03-10,0.8260443050547155,0.07951008098052659,0.2952369695254989,36.172687366736476,11.025942013970916,7.3371094521227604
2022-03-11,1.8071557518057788,0.06756148255620503,0.5095948298399293,31.04296854087445,23.89038566029631,16.424259390560152
2022-03-12,1.6557526944841436,0.05603507424675764,0.34978820957389073,28.589886607384503,20.840512625232574,14.379283112749219
2022-03-13,2.138923372767386,0.08251019483487008,0.3131619918543321,34.87534114722326,19.930221792702348,13.792587003107084
2022-03-14,2.1054660337400466,0.06928907269512238,0.5342690517135172,33.93012018039086,30.34532289922767,20.821183483557352
2022-03-15,2.18880436498389,0.06776996206045677,0.5853484981366495,30.403821572658682,28.463857501828087,19.674306651808045
2022-03-16,1.8066914668115162,0.061619575045091406,0.39625254680498234,28.16418332725165,21.108016329524514,14.620966974116062
2022-03-17,1.8807548895905402,0.053535986201217016,0.18790143727654066,26.800813046297616,20.187748134556568,14.191992639292758
2022-03-18,1.7277882824064934,0.06562277346139507,0.4306604662320084,33.91658115913891,25.218575962178615,17.137944402306218
2022-03-19,1.9094381042196718,0.0741807333700373,0.3243483843285366,39.23184592247474,21.97356581558938,14.73042711880651
2022-03-20,1.5607480125292617,0.057077224817309515,0.40988495887222015,29.44052222031654,20.058682397042027,13.75821740932579
2022-03-21,0.8984614649076794,0.0764578021085931,0.3002123118530074,38.535011007961884,10.969171353483976,7.2983702367764325
2022-03-22,2.0613423278018623,0.0757966938233112,0.3257933267723038,38.99195874084716,23.76921232637154,16.006539179458844
2022-03-23,1.7135486222755185,0.06494634095536939,0.42051056142535254,28.779330770863403,20.27022045134329,14.001397498966945
2022-03-24,1.7208291492869965,0.056620517366540585,0.3750014239531154,28.149522808254485,20.465539102821243,14.16623264198293
2022-03-25,1.760620544275164,0.06657679980498034,0.4783859484548288,31.656472614699744,23.340726693933085,16.00021295168894
2022-03-26,2.04089487132909,0.07461324761768776,0.3243667681864603,35.92016785063567,21.863840501090948,14.897201670001223
2022-03-27,1.435971896413304,0.05900608509306926,0.4519593788890373,30.215776316179237,18.494495658172493,12.61308948454257
2022-03-28,1.4438618212843553,0.05805747042196291,0.4163868194425825,30.215512744441234,19.017481087682366,12.964163375570207
2022-03-29,0.9908714450385965,0.07813744929039224,0.31379103236203604,35.175931535830706,13.413029186235487,8.962373193650144
2022-03-30,1.8450914033536578,0.0742435703757003,0.3666934830051415,29.083751515753395,18.16655381960654,12.698481653110502
2022-03-31,1.3708572272863404,0.06745442544171402,0.31959155080896745,35.58954412141193,18.403426782828884,12.299826115449617
2022-04-01,1.0432919758769847,0.08063073266663015,0.3331933642401979,32.94230931534363,16.155597257733117,10.886923600717774
2022-04-02,1.5023713793608682,0.05697162550860405,0.38446551215393804,30.015445980991394,20.172997554984978,13.781483692845098
2022-04-03,2.0216230448937447,0.07500813507484444,0.334357140588449,39.84937605459805,23.530804525369312,15.789531839754915
2022-04-04,1.7956716491421187,0.06169937729877591,0.2807454925269161,27.51365796710622,17.392626997427133,12.156866861685652
2022-04-05,0.823600238764164,0.07783427082852727,0.29084312466372614,38.38746354902686,10.234099582341672,6.81660986802444
2022-04-06,1.7391143859792704,0.05398546569688897,0.2545519291066884,28.55989016681153,23.92971931666263,16.577016227524435
2022-04-07,2.0673407071083756,0.06290757699353013,0.5528223125696752,29.892914115710397,26.63771044529577,18.384839662394278
2022-04-08,1.7708145008869522,0.053972616293981465,0.2553363687355666,28.076784256787985,23.439014991426543,16.27931839501465
2022-04-09,1.8475957746407294,0.060084269223748196,0.1991956652663516,28.849666865937987,25.166479497033293,17.577473033480064
2022-04-10,1.8375625467144037,0.05346003159886812,0.2229151603438727,27.236211153883623,21.816328378179467,15.26213849302402
2022-04-11,2.258812245007453,0.07093797053084405,0.5440213387608738,34.39539348555036,33.240457880267385,22.83605660099518
2022-04-12,1.8759265541744081,0.05326216035347471,0.19225059743667097,26.844173891846108,20.645060110961396,14.507856879108344
2022-04-13,1.883416815615889,0.055502162587549024,0.14856452587520538,26.615394941116733,17.487781438569538,12.29709427514329
2022-04-14,1.3861625084453002,0.08060597121134755,0.31500181709866937,31.16560583485065,23.262105224622786,16.103905142996542
2022-04-15,1.4363801295002747,0.06863481264503339,0.3128269696918111,37.67722469377778,17.07652926545652,11.367652087901277
2022-04-16,1.7728196737607236,0.07317194769874825,0.36611486444333124,30.235169924661623,17.782578482784853,12.367637932525646
2022-04-17,1.3778871394280687,0.0717348618741287,0.3165035767677647,32.383996504527175,19.359412505009093,13.187712579833356
2022-04-18,1.8411996362729575,0.059501646121714324,0.22312349017007568,27.227291886269544,18.663173780061175,13.073563988631706
2022-04-19,2.0299936323265344,0.07660295601653605,0.31197090704598834,37.12688295124793,22.50123827659913,15.265255304530898
2022-04-20,1.8797849313307191,0.056428187907439385,0.1798506235763056,26.843150574573308,17.547088157180237,12.348303382367309
2022-04-21,1.7504827030496115,0.07119635001018111,0.3761144493378813,29.13523037083244,17.487363346557814,12.170948076320299
2022-04-22,1.536146620938285,0.056870535041836374,0.3905054731530664,29.616186194403213,20.039125593072477,13.7262026222008
2022-04-23,1.8531423108259464,0.05843840118110722,0.20639204084512175,27.1008888110866,18.541822573657733,13.005140980165109
2022-04-24,1.6558947603601566,0.05603626120338084,0.36732959739106225,28.70162323320617,20.940779524834152,14.440764733280082
2022-04-25,1.874507545866814,0.07681149925000247,0.3606617680093995,30.288470060450273,17.951263939621104,12.550627576521642
2022-04-26,1.83294711967546,0.06545821400758561,0.17215745199800545,28.604439061969085,25.7209941986906,18.107439469506755
2022-04-27,1.8914938764129845,0.06535842998971862,0.5368705115549236,29.488530494535404,22.924087001826862,15.826814514579565
2022-04-28,1.0839073910333938,0.07337849939425628,0.3126257754346233,39.025648480398914,12.74972437589545,8.458879811555615
2022-04-29,1.8908376310929562,0.056624136654856966,0.16074991857512977,26.750491930077757,17.361200414545735,12.220852779407737
2022-04-30,1.7482075542282602,0.07001192927865002,0.21877936809181484,29.512689480040912,25.598227347405352,17.95011589513935
2022-05-01,1.8028968225146855,0.05446810031649215,0.258669358064422,27.46166646499676,21.107864129362348,14.71853005349184
2022-05-02,1.843802780796435,0.0593121791665053,0.48181579233717503,28.8536211009374,22.767005432052894,15.716344978047115
2022-05-03,1.876248900250545,0.05312316428089909,0.189660817719762,26.899125963502705,21.363477883636612,14.999123787541336
2022-05-04,1.813726457268741,0.0687536570088541,0.19462515852155543,29.060880078188042,26.078679249669683,18.348656338317596
2022-05-05,1.8119236552675033,0.06313370152409317,0.17265809339063576,28.538901949314223,25.017539719066622,17.573059755387135
2022-05-06,1.7856149340066219,0.05806389114034075,0.42483504526612215,28.342313673876703,21.57102022524687,14.9144698111724
2022-05-07,1.2028803255947331,0.07938492476906978,0.32966917456349576,32.156396378396025,18.55299186507625,12.637578150843012
2022-05-08,1.8065341659890142,0.055680203425644795,0.27176152324645547,27.32974156190262,19.503558894736067,13.621127974176437
2022-05-09,1.580575279722031,0.05562669212839493,0.30132953221206454,30.474646593307263,23.397337819310287,16.002756936632796
2022-05-10,1.0268460415785796,0.07445654810035406,0.3045561666044751,39.0075938163456,12.409421316930182,8.219169754419786
2022-05-11,2.299440419431547,0.0857325722915213,0.3101704816582303,38.92768545467603,23.811945730938472,16.235033477700224
2022-05-12,1.7693331562566392,0.05892549419035323,0.3362936147502826,27.65798260261479,18.828021225579256,13.098786878355885
2022-05-13,1.8688641408135023,0.053185106422172786,0.19512035056032698,26.948927184469344,21.614611818679972,15.167454098639313
2022-05-14,1.802110191444286,0.06454377147246122,0.5082584837649489,29.27099880879603,21.811445136831985,15.044838786875685
2022-05-15,1.8838079728670027,0.05316948214304326,0.16614132421065966,26.678174434462726,20.614856630587983,14.49837150622875
2022-05-16,2.157250251646731,0.06438815535177689,0.5691556917361416,30.00379611017159,28.001102994323258,19.339744188801358
2022-05-17,1.9449469557496875,0.061247157446873216,0.5274289816227166,29.296211422324216,24.19860199109851,16.70422473519294
2022-05-18,1.6813287417767755,0.05467188244654604,0.3081535626952807,28.58375197518244,21.819179839048914,15.08076414056024
2022-05-19,1.8443646964061167,0.06694880050791925,0.46799421571843774,33.108088031396434,26.61440181564205,18.198518893027178
2022-05-20,1.8776591484639074,0.053636203046666955,0.1505413869463927,26.52218147811269,18.668046018987294,13.138864893891075
2022-05-21,1.6575862837730786,0.06264023293799638,0.3455979854740429,33.00855675383242,24.392433481955806,16.58515486266464
2022-05-22,1.8150714491279747,0.05535241486538206,0.2565967117469161,27.255590924849763,19.50019765501022,13.632315951644044
2022-05-23,1.8760833471653606,0.05495300263398393,0.1885226019256487,26.825491927056337,18.730275714206286,13.168120059282897
2022-05-24,1.8770564793723667,0.06050198236129192,0.4930522777396818,28.58669277684923,22.19873403622029,15.34937349623927
2022-05-25,1.8471695770126904,0.05543789432993993,0.2330217993372494,27.117439798374605,19.94046688072653,13.958999072827735
2022-05-26,1.9694777587552637,0.06668228493217619,0.5456157168819697,30.245082198798634,24.61021907785334,16.984647811906108
2022-05-27,2.3250480792381443,0.08434604232182137,0.32328277860414223,39.540288113157345,24.878659821697884,16.914989191407493
2022-05-28,1.8827731391267146,0.053977403951233426,0.18102768400981256,26.81231795266152,20.28645635779865,14.243593332342767
2022-05-29,1.8816744455690588,0.05355288772002385,0.15573970038292484,26.57193459723714,19.280160230207418,13.567179089095564
2022-05-30,1.6008066538704298,0.05878024203320433,0.46140142291123104,29.63166708043492,20.475791525792996,14.041070699425266
2022-05-31,1.8700694789965835,0.05337185691960657,0.14751047689371166,26.48882713359754,18.751083126737225,13.195721568314955
2022-06-01,1.833782502574625,0.07525530352316775,0.3368933315651463,32.23870785538685,19.667381281330666,13.609135658255445
2022-06-02,1.8002491157727265,0.06676990994696123,0.5066587591079914,30.47959119911223,23.285382680749315,16.02314982686138
2022-06-03,1.0355684927963293,0.08261135699700427,0.3403323879400538,32.456190121425344,17.669950362783954,11.938428117036711
2022-06-04,1.8332829232876624,0.0783765135069169,0.32901915918433516,41.11795473676674,20.426080752346163,13.653363689791092
2022-06-05,0.8655485213015589,0.07801853854197292,0.29482670515252724,37.187049789740946,10.996670071939421,7.324512559436637
2022-06-06,1.7888554071249032,0.05647876500543055,0.308476411206917,27.555214664108075,19.790573559575215,13.778749206688596
2022-06-07,1.7368109890279704,0.05476030407651444,0.3076607765976469,27.98020498268962,21.18719158737666,14.704123399285596
2022-06-08,1.7398719436934522,0.05416618847276871,0.26827315536002533,28.386021116260675,23.37547234059178,16.19849031799966
2022-06-09,1.3649143285766259,0.058572466205697886,0.41798337730522195,30.67099106488713,18.10773304127263,12.298431752407065
2022-06-10,1.764049295940476,0.06827661728322201,0.4852935905334789,31.242780298667764,23.744680594209836,16.309092147040893
2022-06-11,1.7809839546264703,0.053948521340068945,0.2476422923588899,28.06625193013732,23.758422618489984,16.505453917824465
2022-06-12,1.9846953120140223,0.07893600821479405,0.3383322488742696,32.12454043921143,18.324396390191325,12.784938776374121
2022-06-13,0.9562712311087822,0.07659886406987755,0.3062764762087087,36.2406994180112,12.212595333725746,8.147282005148215
2022-06-14,1.2300548996477585,0.07180461881035109,0.32157850860749315,34.666248369605455,16.328082217412774,10.958218679550008
2022-06-15,2.0695752928846987,0.07959464699300756,0.3204690201618356,33.98903505312836,19.62221267416912,13.587454238991333
2022-06-16,1.8086147518479074,0.058772793681239964,0.46146262018324563,28.786192861062354,22.52329079648078,15.543426762744614
2022-06-17,1.88737917128199,0.05495747164516255,0.16087494525989082,26.66042880827221,18.067651220253747,12.716670550142796
2022-06-18,1.8253366291146007,0.06665583199732093,0.1817941099255575,28.83486797177837,26.097398035878886,18.367918127596106
2022-06-19,1.6691378645538977,0.06730808723253182,0.40242602725545173,34.81076277676539,25.07454876534972,16.969835019697904
2022-06-20,1.8489947236021127,0.06374191190581638,0.2576119572162151,27.510193316610145,18.162460918860173,12.716965562437377
2022-06-21,1.9436344651096311,0.06427178049502459,0.21607967593575322,27.33349811809853,17.94343938429639,12.620193592264108
2022-06-22,1.7815642156508829,0.061045621771636374,0.2972274231359341,27.59436890471801,18.465529950202217,12.873046910147325
2022-06-23,1.6675772982018402,0.07294635158959017,0.24784821624395523,29.991543319001096,24.838101229086682,17.360422037248238
2022-06-24,2.073607602346763,0.07644656717912385,0.3307509432770714,34.07600911416449,20.35953994169047,14.036850568395153
2022-06-25,1.4737517706333296,0.0659814122723252,0.32120464180557856,35.34717936544711,20.556831694065867,13.77539956036626
2022-06-26,1.843318309498074,0.054662206227452236,0.22515190418512743,27.138348944350515,20.27888485816524,14.190402483337209
2022-06-27,1.8590096695926512,0.05539333167658309,0.21752718882945388,27.032372678862938,19.714438637492552,13.817202670215956
2022-06-28,1.8627014780006792,0.0618869695529201,0.4848978646253306,28.586968209315444,21.921850767717917,15.156913031539647
2022-06-29,1.7216253021989518,0.05475919678140958,0.31435221299149807,28.00194240285221,20.825932583192078,14.45144338458888
2022-06-30,1.8589108963562453,0.07584569096785539,0.3642679241935782,30.139152058365205,17.79033335610761,12.429213480737744
2022-07-01,1.7274381960319574,0.0647509339062765,0.3973459750794559,34.16664748128823,26.064069867838896,17.68763300554197
2022-07-02,1.6495775263194106,0.06415455060464215,0.3747306013481313,33.45568050911291,24.5181948255882,16.64299579335385
2022-07-03,1.6289949866544324,0.06766529213613189,0.4434081705593655,30.510228777937897,19.45119470400429,13.365933078887798
2022-07-04,2.0253161228806467,0.07688141816464548,0.33061224179866466,33.64357157612562,19.402237596420704,13.41613808597017
2022-07-05,2.387394812503771,0.07180338936758479,0.6375186378755262,31.858571516249594,32.15837890807705,22.21489696989052
2022-07-06,1.3238511329513174,0.06866641171397311,0.3107117978506069,36.44421238193544,16.496853859883025,11.001257401431715
2022-07-07,1.8500912588756826,0.06118393541053826,0.22747082016985348,27.283717323941584,17.976644691964516,12.604733889687965
2022-07-08,2.031132571534499,0.07920051366489111,0.32588939990901494,33.30428490280302,19.337407662286676,13.422929983370985
2022-07-09,1.8841451730159668,0.05350799579905789,0.16322890161810907,26.62207121324039,19.546224451037936,13.759336603950077
2022-07-10,1.8824314954516912,0.054971457552398316,0.1576487221394696,26.642165263616526,18.102055791850248,12.737575412380362
2022-07-11,1.838021880351057,0.05738855530788414,0.2582448431170195,27.32624132922192,20.1992548335635,14.104511572011173
2022-07-12,0.9958224217739677,0.07681664803947089,0.31222667709616236,35.5122727949811,13.042214579098696,8.713422504775966
2022-07-13,1.5752890072060066,0.064826811502491,0.3341374596553401,34.91895568056958,22.882750904772802,15.402479678039208
2022-07-14,1.8405956976025428,0.06418457503090277,0.16161147170201032,28.37256775582357,25.586148522487637,18.015587457735045
2022-07-15,1.714173953349962,0.05774789514017561,0.42976233046167556,28.61608234349544,20.934123059910622,14.444749383644563
2022-07-16,1.5249058965447921,0.06824006326784182,0.3679108275300049,36.031427411611546,22.774109328778447,15.263826545436062
2022-07-17,1.7310964875577086,0.05746783710631553,0.39889912318362,28.005911134297218,19.44071856513153,13.475409098679302
2022-07-18,1.7126691215104781,0.06344373618730288,0.3810834375131543,28.185876599148127,18.684929234566066,12.94958870987781
2022-07-19,2.0965695867376,0.06270388780191428,0.40673165427550984,32.10667422895078,29.605426566318478,20.321955211945923
2022-07-20,1.7678497803001278,0.068105480443382,0.4570721066245866,33.58363272718597,25.69752236645336,17.527823654934576
2022-07-21,1.255587717779727,0.0751196877543535,0.3248179952495708,32.771129355449766,17.670918575863737,11.993365227158181
2022-07-22,1.8914569316677476,0.07353358443815172,0.3367463840833531,33.10894661633299,19.758807735368517,13.615996347760824
2022-07-23,1.7203051940856509,0.06910162914247908,0.22650435155849089,29.67233092817428,25.114157482250068,17.563812509023343
2022-07-24,1.9019117867381659,0.057754955806084064,0.16023190094094958,26.801007430454394,17.06893942845418,12.019163589295555
2022-07-25,1.2807548337170078,0.07787020348406444,0.34332755845686075,42.34386906170461,14.733989063546582,9.732133031093193
2022-07-26,1.8592081047706748,0.054637545676759526,0.2112206618904312,27.012158703346014,19.681875137737165,13.796895770118079
2022-07-27,1.8843778868235912,0.05629066557295296,0.1626201162558803,26.750217815470233,17.90300915326774,12.593985123349512
2022-07-28,1.6754999147289,0.07604780286140819,0.35276444101558824,41.92529737387282,18.92426674017332,12.586707712441472
2022-07-29,1.6980183082611224,0.06805988484567073,0.4495566868000816,30.387954554030795,21.752901252768996,14.96266661797148
2022-07-30,1.990880446372917,0.06524127445008664,0.20447189418126527,27.34715706449128,18.397841220251173,12.955903031321926
2022-07-31,1.8024134938373113,0.06092737221381924,0.29754529525649925,27.66668705926239,19.883786073347373,13.845117712493826
2022-08-01,1.75743929701136,0.06366218665826627,0.32528797631539547,27.80271906896399,17.133718017955186,11.942926062335264
2022-08-02,1.9153313623954085,0.0590817741570237,0.14494304980942363,26.822002237245155,16.89002905469958,11.874299323405143
2022-08-03,1.863391240202984,0.06907775193005,0.18431565961943405,28.980528915998622,27.468035679372733,19.375006757016926
2022-08-04,1.6047895767142912,0.07342611573914931,0.2650008697767974,30.367332042319966,23.98595085850287,16.698579813843256
2022-08-05,1.6179231162511967,0.05551418882143373,0.33046950985476226,29.18437661603014,21.598847182606256,14.855783531352081
2022-08-06,1.8862439138527598,0.05539934346583347,0.15990870284812236,26.676931034788687,17.712687434824673,12.468321792183568
2022-08-07,1.252340960246019,0.07638870636297287,0.32546636554077407,32.41923736375709,18.06677469401864,12.290551087658983
2022-08-08,1.8087834788802768,0.055750661383228546,0.2697776294242504,27.297439527551457,19.17974479791746,13.403244858064376
2022-08-09,1.2408734255866658,0.07969542677985372,0.32814162814066855,31.957204014187017,19.426402581203703,13.275110302834406
2022-08-10,1.3849801496398404,0.07411045332317782,0.3313128641961143,40.85219008190186,15.712414224092981,10.399768343457694
2022-08-11,1.9030500911566939,0.06029188572821797,0.5081870869475984,29.165477863485854,23.851057505140673,16.459257373758152
2022-08-12,2.1866472235188876,0.06844230261982395,0.5870225807692806,30.761777691113497,28.569983190804514,19.74089079440259
2022-08-13,1.8221953101063872,0.05347615243479527,0.22346860905993501,27.621431791846987,23.645706479118196,16.488859145522984
2022-08-14,1.3799682331185117,0.07645960245890748,0.34955841134984383,42.20642430748731,15.763630495529403,10.426777182050413
2022-08-15,1.8474304754713204,0.05957772552710861,0.22194200856268326,27.171984651695986,17.509634081129793,12.28825845848181
2022-08-16,2.094799539871314,0.0648308848614619,0.4562850965457749,33.02262621320711,29.9372614283094,20.5187072456304
2022-08-17,1.8710304232463981,0.053051662757425136,0.19551833846441669,26.906152127108566,21.24500564415602,14.92159905447061
2022-08-18,1.7189796902621353,0.0552754007648393,0.3118119504221063,28.08153645522421,20.984585665483802,14.543139291200223
2022-08-19,1.5010008689662655,0.06869192198752808,0.2915621309190995,31.250428491575313,21.17131692708933,14.540341304639506
2022-08-20,1.6843450707448324,0.058735132370754915,0.46356849727749067,29.399284445117672,21.581716412546854,14.832480205930318
2022-08-21,1.9170221875399496,0.06092274122422001,0.18443285157279804,27.07016359465805,17.25759061258724,12.150990428445601
2022-08-22,2.2925533349131557,0.08474609450075012,0.32011577865018676,40.064216013963055,24.93270188168724,16.931681860165476
2022-08-23,1.6454105780177464,0.06756884062511527,0.40787704676583725,29.616259994489855,17.87717363417473,12.345583448386774
2022-08-24,0.8506878466643129,0.07778573041002153,0.29311367506250513,37.579555550542764,10.69048552161526,7.121730633201924
2022-08-25,1.8909126632044162,0.059370114333406734,0.18294731658368243,26.995970786127113,17.330949257013096,12.196227851823249
2022-08-26,1.7090054977534554,0.07195001435823302,0.32333126757168607,39.48641668562656,20.30140864842853,13.51624382736472
2022-08-27,1.769819785839086,0.06895345075222332,0.2073553632257659,29.276664942233786,25.557683424689298,17.942073833530557
2022-08-28,1.7491136526707136,0.053887808641561556,0.24188643805000146,28.763897986673886,25.002979848131957,17.31998683193934
2022-08-29,1.863738343067166,0.05517141061880421,0.20583684422310475,26.94862012339457,19.40795335431785,13.62050487646008
2022-08-30,1.6854327824452273,0.06840648945656429,0.4341675469939537,30.96105966971342,21.684071938470172,14.893857315379243
2022-08-31,1.7860248810250723,0.05745390430675866,0.3633307998386554,27.857421406398824,20.620198306158848,14.306465347140918
2022-09-01,1.8755883383623446,0.052805543185759904,0.17720704948319022,26.834276773084035,21.895958402781208,15.386740838269539
2022-09-02,1.5326842254328088,0.05779852534584567,0.4241777298091506,29.71303562953303,19.91377684024113,13.630799879493413
2022-09-03,1.013086917051456,0.08273340375386205,0.33860465487641267,32.817729497658334,16.805955885604803,11.323889725996537
2022-09-04,2.017255947482577,0.06612664318640253,0.2165003660536548,27.41785557070562,18.322456296557963,12.904696569948081
2022-09-05,1.450960036769511,0.05826533387713953,0.4272877685925817,30.166217581211562,18.97448729247655,12.941491085415329
2022-09-06,1.8474435521337236,0.05768654514952153,0.21204565293745892,27.069090198755028,18.03481816117501,12.65771439360456
2022-09-07,1.458792449717565,0.07621389712713758,0.3395545080994057,41.70581591620156,16.407662731118393,10.869827439808013
2022-09-08,1.8214545108333433,0.07219396979198346,0.3645086416889422,28.689716379941807,17.84906978254442,12.46434111059435
2022-09-09,1.8633991115920032,0.07401706612523319,0.3672362797766797,28.820722735529003,17.981307884884778,12.57914719556464
2022-09-10,1.7814755990454696,0.06630745624533638,0.30995036888953253,36.24178006213702,22.827856157127947,15.34943302786822
2022-09-11,2.208122911921803,0.08220604715786536,0.3098513757216971,37.36580809603179,22.494746847996016,15.364868917792784
2022-09-12,1.86223605038543,0.0544645367912386,0.2110531919363697,26.95999456174816,19.74908709609589,13.857473832813966
2022-09-13,1.8838378079705442,0.07544339233410957,0.37298721938529555,28.962977673964893,17.878206028045792,12.52112634706349
2022-09-14,1.8587214751882282,0.06067736250467529,0.25634493103503875,29.872936036898988,26.072697599922975,18.07512173253665
2022-09-15,1.667085590303897,0.057978501958837,0.433943342068962,28.853665908132864,20.64112674532476,14.215547320481205
2022-09-16,1.6563302893929206,0.07538075713762636,0.2585790016083627,30.226732334398747,25.583594126994942,17.896066467751805
2022-09-17,2.1361073198667198,0.06999083225321086,0.5427573354288191,33.460149367930775,30.626476940955087,21.05358041080777
2022-09-18,1.7814277359219157,0.06535989045088811,0.3164377321222705,35.0290825420014,23.117135487030616,15.62993944886192
2022-09-19,2.0011500698856026,0.06781663308866556,0.24319660666286017,27.594330027886656,18.785940631346424,13.212107318452565
2022-09-20,1.7795521235722476,0.05932986402357577,0.298403249753473,27.529147419219406,18.439375360889734,12.85700379760746
2022-09-21,1.7135142166880302,0.0638237959805134,0.35691035055858394,28.051688932683216,17.76491776276322,12.339816817929012
2022-09-22,1.9707037910739926,0.06412935632177659,0.1971993715936677,27.259871988804303,18.122036189042202,12.761061301464245
2022-09-23,1.8785628347064998,0.0567573891319606,0.1765823478949738,26.84592005461039,17.78563898966016,12.511056241295082
2022-09-24,1.6946358962247154,0.054756209474472,0.2802046081701283,29.09886274242255,23.991474074026197,16.551232417563025
2022-09-25,1.9952353558268934,0.06603553165249834,0.5352381319020122,29.750199903521036,25.52469999918529,17.630535558752108
2022-09-26,1.8634666531881061,0.06701227480572892,0.5354988783432573,30.97561541894473,24.099583866321424,16.58411636647071
2022-09-27,1.7901300643145108,0.057744923765541696,0.3052985125452438,27.498300300862027,19.046444961915746,13.274882759719302
2022-09-28,1.6691451646324238,0.06916838283946024,0.39904806533456144,33.306664955597206,22.400439593298422,15.265281763032654
2022-09-29,1.8161384032137777,0.056417728350081936,0.30926667033444455,27.56070222769333,20.77281472659706,14.456696720112571
2022-09-30,1.4681374389362352,0.05728363577746847,0.3852229723403153,30.24767047326584,19.790188474827577,13.494022654664782
2022-10-01,1.835897240105232,0.06806593912106422,0.5035622923002087,30.830697088096304,24.752788453851874,17.03737828298111
2022-10-02,1.660422903851505,0.07260065246462168,0.3285763837606057,39.97979135056277,19.10025230358273,12.701556131014572
2022-10-03,2.2111052796549773,0.07013152511612702,0.5246098766445485,34.49590986248517,32.783085390545075,22.495564787744932
2022-10-04,2.033904950921896,0.06830920946575698,0.5046669277363919,34.01416464155907,29.767426218440903,20.38628244434066
2022-10-05,1.7928120496860707,0.06539113369837928,0.44368691015014444,32.47416439609857,24.870382333360464,17.00544022551121
2022-10-06,1.7738594588586205,0.05481610431472447,0.2845961704723602,27.58981504401464,20.378255060425886,14.191521677961497
2022-10-07,1.6479712551278851,0.05845203923304625,0.4580061053123904,29.120575782199378,20.40293532527597,14.03372978811301
2022-10-08,1.4393012400527734,0.07183481849195207,0.31999192409059535,39.62156836572322,16.928403666670576,11.21076111003759
2022-10-09,1.8952922024885501,0.07756228516185851,0.36995630933261453,29.53742305193527,18.268097000086026,12.801618215881224
2022-10-10,0.8033599775636465,0.07815281068651127,0.28788930754544795,38.06236889593713,10.104357195913414,6.730061462929762
2022-10-11,1.588861947991242,0.06853020910530712,0.3616120736315809,35.565079392690336,22.802114158616508,15.34672764606365
2022-10-12,1.0106465325396394,0.07516213672209052,0.31034340096615065,39.73630114327666,12.005428908178668,7.954772592220342
2022-10-13,1.7545640817351602,0.06891329869159833,0.46420874494690434,32.79757482578246,25.086612920372286,17.157089774176995
2022-10-14,1.8680782714904274,0.05547327997638454,0.1981958424966531,26.897260534526975,18.281074356081568,12.848861193691992
2022-10-15,1.615409032685738,0.05680775379923621,0.39482382904119484,28.85148946450629,20.03814637757133,13.79601999370995
2022-10-16,1.7259194623038014,0.05586139620448271,0.3293065766140893,27.92138170113108,20.091333916168306,13.938840340339695
2022-10-17,1.6503766627417198,0.06645256501175227,0.24496793455737198,29.9672439815451,23.51958205558088,16.33557446144866
2022-10-18,1.8827113106355455,0.05320099889508071,0.1654423469011674,26.650114587234743,20.282279105155176,14.272349754976485
2022-10-19,1.5422974131886351,0.06882346970813932,0.28912098489914007,31.167327617229166,22.401741546492833,15.41675536266176
2022-10-20,1.8575742837175813,0.0757288514189128,0.37029717155738406,29.726206309281125,17.446214290666894,12.203260521590046
2022-10-21,1.8857784862375109,0.06859679020233188,0.5167363211717213,32.200593405283335,26.417473143171573,18.142426869304053
2022-10-22,1.7928017660971904,0.06128164822892851,0.19123613338415177,28.78053331691805,24.503667961917618,17.139759455526693
2022-10-23,1.5266059261361706,0.06406187504959464,0.32266105873784856,33.654696280257454,21.858594179838544,14.778596144178744
2022-10-24,1.456302170755996,0.07604530945588428,0.33395732252400673,41.50637513562948,16.532499871356446,10.945931351334432
2022-10-25,1.483441196600546,0.05767681847813278,0.40344182794193634,30.033123078530025,19.72062749950823,13.462547620975618
2022-10-26,1.5432337910872358,0.05636405507441146,0.3434824846152473,30.16555074471441,21.78020192763994,14.885077061571451
2022-10-27,1.8280068074026312,0.058062895371361556,0.29196092080356845,27.49626289132725,20.429792235818677,14.233397548691018
2022-10-28,1.5884752342661876,0.055669090643837,0.322860607907079,29.908386435660617,22.52100962778522,15.433224457079904
2022-10-29,1.885488260506889,0.06277771013095575,0.2341859869574899,27.34435134334022,17.342307423331647,12.175250228705854
2022-10-30,1.8022455285522663,0.05471650086296573,0.26785997095592934,27.40103574024485,20.36895984811256,14.213711100459326
2022-10-31,2.294882885189263,0.0722272151989688,0.5738142929410555,33.94732087201305,33.145818719192064,22.816862280896153
2022-11-01,1.8848924471412685,0.05351536183411997,0.18244889605979459,26.751666801099915,20.013379927087254,14.0779750176748
2022-11-02,1.6223460116538813,0.07038759706681631,0.3671212881284588,35.37822811618406,23.40635613735269,15.803785034650977
2022-11-03,1.7891715322645567,0.055466702590353974,0.3010432663438806,27.636860622460436,20.880825497100037,14.526227016877668
2022-11-04,2.0072283057032974,0.06603663629221926,0.2092474611399491,27.409044367504123,18.592281511757122,13.093345687469725
2022-11-05,1.9414620886981395,0.07714977657684603,0.35017054857878577,41.54812226321205,21.92357448039784,14.67772707500853
2022-11-06,1.7238461765234343,0.07064662711521977,0.341224066740154,34.17910058697961,20.85353215717667,14.201865629223079
2022-11-07,1.8865063358060385,0.05636813639953418,0.1501026831153578,26.672907612208046,17.11049924140925,12.036798180716056
2022-11-08,1.8808860370882357,0.05464956394449239,0.1699269800545882,26.719505118699235,18.892596270285082,13.286536406817817
2022-11-09,1.8930864361526696,0.05795335547288243,0.16565775060558716,26.8526424517882,17.428573741751094,12.264993497887591
2022-11-10,1.704144661118146,0.07007750398515981,0.38451498817425633,29.163091221398222,17.447411720858373,12.115018772382971
2022-11-11,1.884643990555605,0.05480049596789861,0.17922431802733071,26.757835038698573,18.386739777097716,12.93902515305165
2022-11-12,1.2721719726964664,0.07034538973901824,0.3178311421857727,34.71145487624933,16.566746741580097,11.123642524230068
2022-11-13,0.9576545007710701,0.07541522136584221,0.30205768926920085,38.27697954789006,11.67135138596695,7.757148750902999
2022-11-14,1.5664168091600554,0.07567387700510951,0.27614849986600615,30.519391849409626,23.973310910095737,16.686774030359643
2022-11-15,0.865756541800082,0.0780117434144589,0.30193948969946294,40.38288742379762,10.559252307092557,7.003483620078242
2022-11-16,1.7485335820831323,0.056984113779295104,0.4088434948136003,28.38864760862989,21.363364191949216,14.767132998292876
2022-11-17,1.6013077566520413,0.06528086622469936,0.377315569182765,34.47621182864538,24.23848026732221,16.371145271209688
2022-11-18,1.8621688896629895,0.06006292790298613,0.4957086012644669,28.738520640809448,22.326758211179307,15.42607536990538
2022-11-19,1.2224840834267152,0.07207985732235189,0.31928472134131614,34.41043420677959,15.847644985043589,10.657855152988285
2022-11-20,1.881332674936148,0.07327795328119724,0.35903769605067287,28.562071222943523,18.11539072654003,12.679448729872185
2022-11-21,1.7385308240497852,0.06624208069262243,0.4779807221637266,29.84324599847145,21.544632751348903,14.835821914702125
2022-11-22,1.0372432577681132,0.07515636391739514,0.31214059786879234,35.773816348461835,13.193771099612443,8.817084268806546
2022-11-23,1.6528082871593048,0.06536180763809606,0.46243281080611187,29.198973877810182,19.296557505509405,13.294788813515575
2022-11-24,1.540106183530863,0.05890284907607441,0.4585685814486188,29.903509040648846,19.892940087919897,13.610451968717813
2022-11-25,1.7901731030383432,0.05638494497990296,0.34719997212694176,27.873578353938516,21.356792078922787,14.81860007590902
2022-11-26,1.7637840174347306,0.067346316795181,0.20508203674105885,29.237989084328323,25.279206638826444,17.725278161840677
2022-11-27,1.7296383127418482,0.05689480259570529,0.3851128337015685,28.190276929314113,20.647363284499672,14.28709507800521
2022-11-28,1.8147312019897126,0.07506060546158805,0.36074219224691606,29.96609349090871,18.972554533790767,13.225758582433672
2022-11-29,1.6792732301006459,0.05450900385077345,0.2976130728803434,28.774153562999647,22.51445768586462,15.550739892630025
2022-11-30,1.9448486903448312,0.07822070619858855,0.336687366552882,31.98658699153978,18.789578765343197,13.091001464214127
2022-12-01,1.743276255965438,0.05394967112131692,0.24278769948745332,28.85980054033492,25.032249956426558,17.33033872075145
2022-12-02,1.4839801328326063,0.05425843651100115,0.19970572478753798,27.68946031635534,16.870463082045564,11.793315141229794
2022-12-03,1.5598341696556768,0.053289784312649496,0.18792627810469714,27.662243239759633,20.03786398208973,13.950126214263797
2022-12-04,1.4003828074984446,0.05645437795928413,0.2063055503457624,28.456244534417262,17.68367038222138,12.258950376086476
2022-12-05,1.4401959122853591,0.0555974722834695,0.2450300777549621,28.901415882048482,18.791584873504725,12.969840047122
2022-12-06,1.6556428124325893,0.054985515155000574,0.24138174562827605,28.173936140487168,31.699172681461206,21.963374514645636
2022-12-07,1.3824563537959949,0.056880086457884796,0.18629844300726794,27.721056637378,19.431674574772615,13.456960908329796
2022-12-08,1.4123174837045267,0.06062755546802803,0.32037862257857747,29.603242845279148,16.45871946744508,11.34166190162617
2022-12-09,1.651347001875203,0.05924418806060601,0.34005206495211593,30.305307682003356,22.564593886270753,15.494844984744983
2022-12-10,1.7249249376927667,0.05532346586961896,0.24957413971084333,28.660054675476104,24.307340755148225,16.83798833667154
2022-12-11,1.666698432226237,0.05824546098369879,0.3131286376959961,28.963038295464635,18.808248040656274,13.009312162966975
2022-12-12,1.8760792845129637,0.05402604261894511,0.22583500639583098,28.957229174359007,23.131794379757533,16.04508657066744
2022-12-13,1.6575264866081079,0.0599651805646046,0.3309884528509185,28.629075771249727,21.857449928016983,15.097532216048226
2022-12-14,1.727849095234563,0.057765585308013956,0.2042629063198793,27.61529584178624,25.08378163060867,17.423929056088536
2022-12-15,1.495356321291967,0.057682848855070766,0.19432715083807567,28.69549189565084,24.48754574714966,16.931134169179124
2022-12-16,1.1115014974253694,0.0560858531539286,0.33482677207308276,27.207416600435955,8.933475847179876,6.251269738074813
2022-12-17,1.6096231174038074,0.05335043328194222,0.20255567516490694,28.873379756276922,24.074837586943175,16.81478952233171
2022-12-18,1.368275157772173,0.05238017192092019,0.2224312577212087,28.082478724187578,18.513053075535066,12.779188021017411
2022-12-19,1.6400546056215337,0.05287438401452145,0.2350522697122479,28.18034949980217,27.589539085938338,18.98928810378973
2022-12-20,1.7822118913135105,0.056514955233210346,0.2415908568712588,27.37098131388952,33.78588458188033,23.435570531813102
2022-12-21,1.2845668712444138,0.062386702189741995,0.30466640806121925,27.598130732348686,16.006508947078068,11.051228250773546
2022-12-22,1.1993265204103214,0.061060284801777984,0.24808103731712375,29.639828579302232,11.414065263645782,7.884492196930459
2022-12-23,1.3716971806694522,0.056134210350942154,0.2248686406024657,29.610622853943276,23.396628163132487,16.132693315832366
2022-12-24,1.4546463225094364,0.0572901096035252,0.3365784617301033,28.137186333057173,19.8803753227254,13.701928269764583
2022-12-25,1.682127814720141,0.05576356654919889,0.2751817228006515,27.489153702623923,23.001335002203902,15.896702001118367
2022-12-26,1.7144777635745367,0.05509738913596692,0.2038483852818179,27.585029240181818,24.236118414203336,16.809586457961355
2022-12-27,1.684622664165657,0.05753945546668303,0.19983517264618447,27.427991880819935,18.91436456094823,13.204286185333434
2022-12-28,1.3020052988276554,0.056046346351602105,0.19583627227578027,27.101572779746725,15.11394484909765,10.495474036010188
2022-12-29,1.1486217619413506,0.057344460002101534,0.43974982395973883,28.29694177596723,11.81213103475739,8.112555221593214
2022-12-30,1.5338582684966435,0.053289210749717486,0.2938767902387358,28.604519451349177,22.306689794616464,15.357891810879675
